-- phpMyAdmin SQL Dump
-- version 4.8.2
-- https://www.phpmyadmin.net/
--
-- Host: 127.0.0.1
-- Generation Time: Feb 03, 2020 at 03:59 PM
-- Server version: 10.1.34-MariaDB
-- PHP Version: 7.2.8

SET SQL_MODE = "NO_AUTO_VALUE_ON_ZERO";
SET AUTOCOMMIT = 0;
START TRANSACTION;
SET time_zone = "+00:00";


/*!40101 SET @OLD_CHARACTER_SET_CLIENT=@@CHARACTER_SET_CLIENT */;
/*!40101 SET @OLD_CHARACTER_SET_RESULTS=@@CHARACTER_SET_RESULTS */;
/*!40101 SET @OLD_COLLATION_CONNECTION=@@COLLATION_CONNECTION */;
/*!40101 SET NAMES utf8mb4 */;

--
-- Database: `tugas_akhir`
--

-- --------------------------------------------------------

--
-- Table structure for table `tb_alternatif`
--

CREATE TABLE `tb_alternatif` (
  `id_alternatif` int(11) NOT NULL,
  `nama_alternatif` varchar(100) NOT NULL,
  `nilai_preferensi` decimal(11,6) DEFAULT NULL
) ENGINE=InnoDB DEFAULT CHARSET=latin1;

--
-- Dumping data for table `tb_alternatif`
--

INSERT INTO `tb_alternatif` (`id_alternatif`, `nama_alternatif`, `nilai_preferensi`) VALUES
(1, 'Mie --> Teh manis', '0.741238'),
(2, 'Ayam bakar --> Teh manis', '0.853281'),
(3, 'Nasi goreng --> Jus', '0.646791'),
(4, 'Pancake --> Mie', '0.419993'),
(14, 'Teh manis --> Mie', '0.462324'),
(15, 'mie pedoo , es jeruk --> mie tektek', '0.280568'),
(16, 'es jeruk , mie tektek --> mie pedoo', '0.354567'),
(17, 'es krim , teh manis --> nasi goreng', '0.353209'),
(18, 'mie tektek , mie pedoo --> es jeruk', '0.692985'),
(19, 'puding , ayam bakar --> teh manis', '0.509427'),
(20, 'nasi goreng , es krim --> teh manis', '0.646791'),
(21, 'teh manis , pancake --> mie pedoo', '0.828890'),
(22, 'teh manis , puding --> ayam bakar', '0.339179'),
(23, 'milkshake , teh manis --> pancake', '0.775454'),
(24, 'nasi goreng , milkshake --> jus', '0.539308');

-- --------------------------------------------------------

--
-- Table structure for table `tb_confidence`
--

CREATE TABLE `tb_confidence` (
  `kombinasi1` varchar(255) DEFAULT NULL,
  `kombinasi2` varchar(255) DEFAULT NULL,
  `support_xUy` double DEFAULT NULL,
  `support_x` double DEFAULT NULL,
  `confidence` double DEFAULT NULL,
  `lolos` tinyint(4) DEFAULT NULL,
  `min_support` double DEFAULT NULL,
  `min_confidence` double DEFAULT NULL,
  `nilai_uji_lift` double DEFAULT NULL,
  `korelasi_rule` varchar(100) DEFAULT NULL,
  `id_process` int(11) NOT NULL DEFAULT '0',
  `jumlah_a` int(11) DEFAULT NULL,
  `jumlah_b` int(11) DEFAULT NULL,
  `jumlah_ab` int(11) DEFAULT NULL,
  `px` double DEFAULT NULL,
  `py` double DEFAULT NULL,
  `pxuy` double DEFAULT NULL,
  `from_itemset` int(11) DEFAULT NULL COMMENT 'dari itemset 2/3'
) ENGINE=InnoDB DEFAULT CHARSET=latin1;

--
-- Dumping data for table `tb_confidence`
--

INSERT INTO `tb_confidence` (`kombinasi1`, `kombinasi2`, `support_xUy`, `support_x`, `confidence`, `lolos`, `min_support`, `min_confidence`, `nilai_uji_lift`, `korelasi_rule`, `id_process`, `jumlah_a`, `jumlah_b`, `jumlah_ab`, `px`, `py`, `pxuy`, `from_itemset`) VALUES
('mie tektek , mie pedoo', 'es jeruk', 1.9698725376593, 2.3174971031286, 84.999999999999, 1, 15, 60, 9.4044871794872, 'korelasi positif', 1, 20, 78, 17, 0.023174971031286, 0.090382387022016, 0.019698725376593, 3),
('mie pedoo , es jeruk', 'mie tektek', 1.9698725376593, 1.9698725376593, 99.999999999999, 1, 15, 60, 19.177777777778, 'korelasi positif', 1, 17, 45, 17, 0.019698725376593, 0.052143684820394, 0.019698725376593, 3),
('es jeruk , mie tektek', 'mie pedoo', 1.9698725376593, 1.9698725376593, 99.999999999999, 1, 15, 60, 5.640522875817, 'korelasi positif', 1, 17, 153, 17, 0.019698725376593, 0.17728852838934, 0.019698725376593, 3),
('mie tektek', 'es jeruk , mie pedoo', 1.9698725376593, 5.2143684820394, 37.777777777777, 0, 15, 60, 19.177777777778, 'korelasi positif', 1, 45, 17, 17, 0.052143684820394, 0.019698725376593, 0.019698725376593, 3),
('mie pedoo', 'mie tektek , es jeruk', 1.9698725376593, 17.728852838934, 11.111111111111, 0, 15, 60, 5.640522875817, 'korelasi positif', 1, 153, 17, 17, 0.17728852838934, 0.019698725376593, 0.019698725376593, 3),
('es jeruk', 'mie pedoo , mie tektek', 1.9698725376593, 9.0382387022016, 21.794871794871, 0, 15, 60, 9.4044871794872, 'korelasi positif', 1, 78, 20, 17, 0.090382387022016, 0.023174971031286, 0.019698725376593, 3),
('pancake , mie pedoo', 'milkshake', 1.7381228273465, 5.2143684820394, 33.333333333334, 0, 15, 60, 3.1611721611722, 'korelasi positif', 1, 45, 91, 15, 0.052143684820394, 0.10544611819235, 0.017381228273465, 3),
('mie pedoo , milkshake', 'pancake', 1.7381228273465, 3.2444959443801, 53.57142857143, 0, 15, 60, 3.9514652014652, 'korelasi positif', 1, 28, 117, 15, 0.032444959443801, 0.13557358053302, 0.017381228273465, 3),
('milkshake , pancake', 'mie pedoo', 1.7381228273465, 3.2444959443801, 53.57142857143, 0, 15, 60, 3.0217086834734, 'korelasi positif', 1, 28, 153, 15, 0.032444959443801, 0.17728852838934, 0.017381228273465, 3),
('pancake', 'milkshake , mie pedoo', 1.7381228273465, 13.557358053302, 12.820512820513, 0, 15, 60, 3.9514652014652, 'korelasi positif', 1, 117, 28, 15, 0.13557358053302, 0.032444959443801, 0.017381228273465, 3),
('mie pedoo', 'pancake , milkshake', 1.7381228273465, 17.728852838934, 9.8039215686276, 0, 15, 60, 3.0217086834734, 'korelasi positif', 1, 153, 28, 15, 0.17728852838934, 0.032444959443801, 0.017381228273465, 3),
('milkshake', 'mie pedoo , pancake', 1.7381228273465, 10.544611819235, 16.483516483517, 0, 15, 60, 3.1611721611722, 'korelasi positif', 1, 91, 45, 15, 0.10544611819235, 0.052143684820394, 0.017381228273465, 3),
('pancake , mie pedoo', 'teh manis', 3.0127462340672, 5.2143684820394, 57.777777777778, 0, 15, 60, 2.0269196025294, 'korelasi positif', 1, 45, 246, 26, 0.052143684820394, 0.28505214368482, 0.030127462340672, 3),
('mie pedoo , teh manis', 'pancake', 3.0127462340672, 9.3858632676709, 32.098765432099, 0, 15, 60, 2.3676268861454, 'korelasi positif', 1, 81, 117, 26, 0.093858632676709, 0.13557358053302, 0.030127462340672, 3),
('teh manis , pancake', 'mie pedoo', 3.0127462340672, 4.1714947856315, 72.222222222222, 1, 15, 60, 4.0737109658678, 'korelasi positif', 1, 36, 153, 26, 0.041714947856315, 0.17728852838934, 0.030127462340672, 3),
('pancake', 'teh manis , mie pedoo', 3.0127462340672, 13.557358053302, 22.222222222222, 0, 15, 60, 2.3676268861454, 'korelasi positif', 1, 117, 81, 26, 0.13557358053302, 0.093858632676709, 0.030127462340672, 3),
('mie pedoo', 'pancake , teh manis', 3.0127462340672, 17.728852838934, 16.993464052288, 0, 15, 60, 4.0737109658678, 'korelasi positif', 1, 153, 36, 26, 0.17728852838934, 0.041714947856315, 0.030127462340672, 3),
('teh manis', 'mie pedoo , pancake', 3.0127462340672, 28.505214368482, 10.569105691057, 0, 15, 60, 2.0269196025294, 'korelasi positif', 1, 246, 45, 26, 0.28505214368482, 0.052143684820394, 0.030127462340672, 3),
('nasi goreng , milkshake', 'jus', 1.7381228273465, 2.6651216685979, 65.217391304349, 1, 15, 60, 4.6133285816108, 'korelasi positif', 1, 23, 122, 15, 0.026651216685979, 0.14136732329085, 0.017381228273465, 3),
('milkshake , jus', 'nasi goreng', 1.7381228273465, 2.6651216685979, 65.217391304349, 1, 15, 60, 4.7296309828279, 'korelasi positif', 1, 23, 119, 15, 0.026651216685979, 0.13789107763615, 0.017381228273465, 3),
('jus , nasi goreng', 'milkshake', 1.7381228273465, 3.1286210892236, 55.555555555557, 0, 15, 60, 5.2686202686203, 'korelasi positif', 1, 27, 91, 15, 0.031286210892236, 0.10544611819235, 0.017381228273465, 3),
('nasi goreng', 'jus , milkshake', 1.7381228273465, 13.789107763615, 12.605042016807, 0, 15, 60, 4.7296309828279, 'korelasi positif', 1, 119, 23, 15, 0.13789107763615, 0.026651216685979, 0.017381228273465, 3),
('milkshake', 'nasi goreng , jus', 1.7381228273465, 10.544611819235, 16.483516483517, 0, 15, 60, 5.2686202686203, 'korelasi positif', 1, 91, 27, 15, 0.10544611819235, 0.031286210892236, 0.017381228273465, 3),
('jus', 'milkshake , nasi goreng', 1.7381228273465, 14.136732329085, 12.295081967213, 0, 15, 60, 4.6133285816108, 'korelasi positif', 1, 122, 23, 15, 0.14136732329085, 0.026651216685979, 0.017381228273465, 3),
('jus , mie pedoo', 'teh manis', 2.2016222479722, 4.0556199304751, 54.285714285715, 0, 15, 60, 1.9044134727062, 'korelasi positif', 1, 35, 246, 19, 0.040556199304751, 0.28505214368482, 0.022016222479722, 3),
('mie pedoo , teh manis', 'jus', 2.2016222479722, 9.3858632676709, 23.456790123457, 0, 15, 60, 1.6592794980773, 'korelasi positif', 1, 81, 122, 19, 0.093858632676709, 0.14136732329085, 0.022016222479722, 3),
('teh manis , jus', 'mie pedoo', 2.2016222479722, 3.7079953650058, 59.375, 0, 15, 60, 3.3490604575163, 'korelasi positif', 1, 32, 153, 19, 0.037079953650058, 0.17728852838934, 0.022016222479722, 3),
('jus', 'teh manis , mie pedoo', 2.2016222479722, 14.136732329085, 15.573770491803, 0, 15, 60, 1.6592794980773, 'korelasi positif', 1, 122, 81, 19, 0.14136732329085, 0.093858632676709, 0.022016222479722, 3),
('mie pedoo', 'jus , teh manis', 2.2016222479722, 17.728852838934, 12.418300653595, 0, 15, 60, 3.3490604575163, 'korelasi positif', 1, 153, 32, 19, 0.17728852838934, 0.037079953650058, 0.022016222479722, 3),
('teh manis', 'mie pedoo , jus', 2.2016222479722, 28.505214368482, 7.7235772357724, 0, 15, 60, 1.9044134727062, 'korelasi positif', 1, 246, 35, 19, 0.28505214368482, 0.040556199304751, 0.022016222479722, 3),
('nasi goreng , es krim', 'teh manis', 2.0857473928158, 2.5492468134415, 81.818181818183, 1, 15, 60, 2.870288248337, 'korelasi positif', 1, 22, 246, 18, 0.025492468134415, 0.28505214368482, 0.020857473928158, 3),
('es krim , teh manis', 'nasi goreng', 2.0857473928158, 2.4333719582851, 85.714285714287, 1, 15, 60, 6.2160864345738, 'korelasi positif', 1, 21, 119, 18, 0.024333719582851, 0.13789107763615, 0.020857473928158, 3),
('teh manis , nasi goreng', 'es krim', 2.0857473928158, 7.8794901506373, 26.470588235295, 0, 15, 60, 4.5688235294118, 'korelasi positif', 1, 68, 50, 18, 0.078794901506373, 0.057937427578216, 0.020857473928158, 3),
('nasi goreng', 'teh manis , es krim', 2.0857473928158, 13.789107763615, 15.126050420168, 0, 15, 60, 6.2160864345738, 'korelasi positif', 1, 119, 21, 18, 0.13789107763615, 0.024333719582851, 0.020857473928158, 3),
('es krim', 'nasi goreng , teh manis', 2.0857473928158, 5.7937427578216, 36.000000000001, 0, 15, 60, 4.5688235294118, 'korelasi positif', 1, 50, 68, 18, 0.057937427578216, 0.078794901506373, 0.020857473928158, 3),
('teh manis', 'es krim , nasi goreng', 2.0857473928158, 28.505214368482, 7.3170731707319, 0, 15, 60, 2.870288248337, 'korelasi positif', 1, 246, 22, 18, 0.28505214368482, 0.025492468134415, 0.020857473928158, 3),
('pancake , milkshake', 'teh manis', 1.7381228273465, 3.2444959443801, 53.57142857143, 0, 15, 60, 1.8793554006969, 'korelasi positif', 1, 28, 246, 15, 0.032444959443801, 0.28505214368482, 0.017381228273465, 3),
('milkshake , teh manis', 'pancake', 1.7381228273465, 2.5492468134415, 68.18181818182, 1, 15, 60, 5.0291375291375, 'korelasi positif', 1, 22, 117, 15, 0.025492468134415, 0.13557358053302, 0.017381228273465, 3),
('teh manis , pancake', 'milkshake', 1.7381228273465, 4.1714947856315, 41.666666666667, 0, 15, 60, 3.9514652014652, 'korelasi positif', 1, 36, 91, 15, 0.041714947856315, 0.10544611819235, 0.017381228273465, 3),
('pancake', 'teh manis , milkshake', 1.7381228273465, 13.557358053302, 12.820512820513, 0, 15, 60, 5.0291375291375, 'korelasi positif', 1, 117, 22, 15, 0.13557358053302, 0.025492468134415, 0.017381228273465, 3),
('milkshake', 'pancake , teh manis', 1.7381228273465, 10.544611819235, 16.483516483517, 0, 15, 60, 3.9514652014652, 'korelasi positif', 1, 91, 36, 15, 0.10544611819235, 0.041714947856315, 0.017381228273465, 3),
('teh manis', 'milkshake , pancake', 1.7381228273465, 28.505214368482, 6.0975609756099, 0, 15, 60, 1.8793554006969, 'korelasi positif', 1, 246, 28, 15, 0.28505214368482, 0.032444959443801, 0.017381228273465, 3),
('ayam bakar , teh manis', 'puding', 1.8539976825029, 5.5619930475087, 33.333333333333, 0, 15, 60, 2.9353741496599, 'korelasi positif', 1, 48, 98, 16, 0.055619930475087, 0.1135573580533, 0.018539976825029, 3),
('teh manis , puding', 'ayam bakar', 1.8539976825029, 2.6651216685979, 69.565217391304, 1, 15, 60, 7.2331063383971, 'korelasi positif', 1, 23, 83, 16, 0.026651216685979, 0.096176129779838, 0.018539976825029, 3),
('puding , ayam bakar', 'teh manis', 1.8539976825029, 2.2016222479722, 84.21052631579, 1, 15, 60, 2.9542148053059, 'korelasi positif', 1, 19, 246, 16, 0.022016222479722, 0.28505214368482, 0.018539976825029, 3),
('ayam bakar', 'puding , teh manis', 1.8539976825029, 9.6176129779838, 19.277108433735, 0, 15, 60, 7.2331063383971, 'korelasi positif', 1, 83, 23, 16, 0.096176129779838, 0.026651216685979, 0.018539976825029, 3),
('teh manis', 'ayam bakar , puding', 1.8539976825029, 28.505214368482, 6.5040650406504, 0, 15, 60, 2.9542148053059, 'korelasi positif', 1, 246, 19, 16, 0.28505214368482, 0.022016222479722, 0.018539976825029, 3),
('puding', 'teh manis , ayam bakar', 1.8539976825029, 11.35573580533, 16.326530612245, 0, 15, 60, 2.9353741496599, 'korelasi positif', 1, 98, 48, 16, 0.1135573580533, 0.055619930475087, 0.018539976825029, 3),
('nasi goreng', 'mie pedoo', 2.4333719582851, 13.789107763615, 17.64705882353, 0, 15, 60, 0.99538638985006, 'korelasi negatif', 1, 119, 153, 21, 0.13789107763615, 0.17728852838934, 0.024333719582851, 2),
('mie pedoo', 'nasi goreng', 2.4333719582851, 17.728852838934, 13.725490196079, 0, 15, 60, 0.99538638985006, 'korelasi negatif', 1, 153, 119, 21, 0.17728852838934, 0.13789107763615, 0.024333719582851, 2),
('nasi goreng', 'lemon tea', 1.7381228273465, 13.789107763615, 12.605042016807, 0, 15, 60, 1.1572501340962, 'korelasi positif', 1, 119, 94, 15, 0.13789107763615, 0.10892236384705, 0.017381228273465, 2),
('lemon tea', 'nasi goreng', 1.7381228273465, 10.892236384705, 15.957446808511, 0, 15, 60, 1.1572501340962, 'korelasi positif', 1, 94, 119, 15, 0.10892236384705, 0.13789107763615, 0.017381228273465, 2),
('nasi goreng', 'milkshake', 2.6651216685979, 13.789107763615, 19.327731092437, 0, 15, 60, 1.832948564041, 'korelasi positif', 1, 119, 91, 23, 0.13789107763615, 0.10544611819235, 0.026651216685979, 2),
('milkshake', 'nasi goreng', 2.6651216685979, 10.544611819235, 25.274725274725, 0, 15, 60, 1.832948564041, 'korelasi positif', 1, 91, 119, 23, 0.10544611819235, 0.13789107763615, 0.026651216685979, 2),
('nasi goreng', 'jus', 3.1286210892236, 13.789107763615, 22.689075630252, 0, 15, 60, 1.6049731367957, 'korelasi positif', 1, 119, 122, 27, 0.13789107763615, 0.14136732329085, 0.031286210892236, 2),
('jus', 'nasi goreng', 3.1286210892236, 14.136732329085, 22.131147540983, 0, 15, 60, 1.6049731367957, 'korelasi positif', 1, 122, 119, 27, 0.14136732329085, 0.13789107763615, 0.031286210892236, 2),
('nasi goreng', 'es krim', 2.5492468134415, 13.789107763615, 18.487394957983, 0, 15, 60, 3.1909243697479, 'korelasi positif', 1, 119, 50, 22, 0.13789107763615, 0.057937427578216, 0.025492468134415, 2),
('es krim', 'nasi goreng', 2.5492468134415, 5.7937427578216, 44, 0, 15, 60, 3.1909243697479, 'korelasi positif', 1, 50, 119, 22, 0.057937427578216, 0.13789107763615, 0.025492468134415, 2),
('nasi goreng', 'teh manis', 7.8794901506373, 13.789107763615, 57.142857142857, 0, 15, 60, 2.0046457607433, 'korelasi positif', 1, 119, 246, 68, 0.13789107763615, 0.28505214368482, 0.078794901506373, 2),
('teh manis', 'nasi goreng', 7.8794901506373, 28.505214368482, 27.642276422764, 0, 15, 60, 2.0046457607433, 'korelasi positif', 1, 246, 119, 68, 0.28505214368482, 0.13789107763615, 0.078794901506373, 2),
('steak', 'burger', 1.8539976825029, 8.5747392815759, 21.621621621622, 0, 15, 60, 2.1203931203931, 'korelasi positif', 1, 74, 88, 16, 0.085747392815759, 0.10196987253766, 0.018539976825029, 2),
('burger', 'steak', 1.8539976825029, 10.196987253766, 18.181818181818, 0, 15, 60, 2.1203931203931, 'korelasi positif', 1, 88, 74, 16, 0.10196987253766, 0.085747392815759, 0.018539976825029, 2),
('steak', 'kentang goreng', 2.0857473928158, 8.5747392815759, 24.324324324325, 0, 15, 60, 2.0380477564944, 'korelasi positif', 1, 74, 103, 18, 0.085747392815759, 0.11935110081112, 0.020857473928158, 2),
('kentang goreng', 'steak', 2.0857473928158, 11.935110081112, 17.47572815534, 0, 15, 60, 2.0380477564944, 'korelasi positif', 1, 103, 74, 18, 0.11935110081112, 0.085747392815759, 0.020857473928158, 2),
('steak', 'lemon tea', 1.9698725376593, 8.5747392815759, 22.972972972973, 0, 15, 60, 2.1091144335825, 'korelasi positif', 1, 74, 94, 17, 0.085747392815759, 0.10892236384705, 0.019698725376593, 2),
('lemon tea', 'steak', 1.9698725376593, 10.892236384705, 18.085106382978, 0, 15, 60, 2.1091144335825, 'korelasi positif', 1, 94, 74, 17, 0.10892236384705, 0.085747392815759, 0.019698725376593, 2),
('steak', 'susu soda', 1.9698725376593, 8.5747392815759, 22.972972972973, 0, 15, 60, 3.5402992277992, 'korelasi positif', 1, 74, 56, 17, 0.085747392815759, 0.064889918887601, 0.019698725376593, 2),
('susu soda', 'steak', 1.9698725376593, 6.4889918887601, 30.357142857142, 0, 15, 60, 3.5402992277992, 'korelasi positif', 1, 56, 74, 17, 0.064889918887601, 0.085747392815759, 0.019698725376593, 2),
('omelette', 'es jeruk', 1.9698725376593, 4.9826187717265, 39.53488372093, 0, 15, 60, 4.3741800834824, 'korelasi positif', 1, 43, 78, 17, 0.049826187717265, 0.090382387022016, 0.019698725376593, 2),
('es jeruk', 'omelette', 1.9698725376593, 9.0382387022016, 21.794871794871, 0, 15, 60, 4.3741800834824, 'korelasi positif', 1, 78, 43, 17, 0.090382387022016, 0.049826187717265, 0.019698725376593, 2),
('burger', 'kentang goreng', 2.7809965237543, 10.196987253766, 27.272727272727, 0, 15, 60, 2.2850838481906, 'korelasi positif', 1, 88, 103, 24, 0.10196987253766, 0.11935110081112, 0.027809965237543, 2),
('kentang goreng', 'burger', 2.7809965237543, 11.935110081112, 23.300970873786, 0, 15, 60, 2.2850838481906, 'korelasi positif', 1, 103, 88, 24, 0.11935110081112, 0.10196987253766, 0.027809965237543, 2),
('burger', 'jus', 2.8968713789108, 10.196987253766, 28.409090909091, 0, 15, 60, 2.0095938897168, 'korelasi positif', 1, 88, 122, 25, 0.10196987253766, 0.14136732329085, 0.028968713789108, 2),
('jus', 'burger', 2.8968713789108, 14.136732329085, 20.491803278689, 0, 15, 60, 2.0095938897168, 'korelasi positif', 1, 122, 88, 25, 0.14136732329085, 0.10196987253766, 0.028968713789108, 2),
('mie tektek', 'mie pedoo', 2.3174971031286, 5.2143684820394, 44.444444444444, 0, 15, 60, 2.5068990559187, 'korelasi positif', 1, 45, 153, 20, 0.052143684820394, 0.17728852838934, 0.023174971031286, 2),
('mie pedoo', 'mie tektek', 2.3174971031286, 17.728852838934, 13.071895424836, 0, 15, 60, 2.5068990559187, 'korelasi positif', 1, 153, 45, 20, 0.17728852838934, 0.052143684820394, 0.023174971031286, 2),
('mie tektek', 'es jeruk', 1.9698725376593, 5.2143684820394, 37.777777777777, 0, 15, 60, 4.1797720797721, 'korelasi positif', 1, 45, 78, 17, 0.052143684820394, 0.090382387022016, 0.019698725376593, 2),
('es jeruk', 'mie tektek', 1.9698725376593, 9.0382387022016, 21.794871794871, 0, 15, 60, 4.1797720797721, 'korelasi positif', 1, 78, 45, 17, 0.090382387022016, 0.052143684820394, 0.019698725376593, 2),
('mie tektek', 'teh manis', 2.0857473928158, 5.2143684820394, 40.000000000001, 0, 15, 60, 1.4032520325203, 'korelasi positif', 1, 45, 246, 18, 0.052143684820394, 0.28505214368482, 0.020857473928158, 2),
('teh manis', 'mie tektek', 2.0857473928158, 28.505214368482, 7.3170731707319, 0, 15, 60, 1.4032520325203, 'korelasi positif', 1, 246, 45, 18, 0.28505214368482, 0.052143684820394, 0.020857473928158, 2),
('mie pedoo', 'mie kuah susu', 2.2016222479722, 17.728852838934, 12.418300653595, 0, 15, 60, 1.9485442661913, 'korelasi positif', 1, 153, 55, 19, 0.17728852838934, 0.063731170336037, 0.022016222479722, 2),
('mie kuah susu', 'mie pedoo', 2.2016222479722, 6.3731170336037, 34.545454545455, 0, 15, 60, 1.9485442661913, 'korelasi positif', 1, 55, 153, 19, 0.063731170336037, 0.17728852838934, 0.022016222479722, 2),
('mie pedoo', 'es jeruk', 1.9698725376593, 17.728852838934, 11.111111111111, 0, 15, 60, 1.2293447293447, 'korelasi positif', 1, 153, 78, 17, 0.17728852838934, 0.090382387022016, 0.019698725376593, 2),
('es jeruk', 'mie pedoo', 1.9698725376593, 9.0382387022016, 21.794871794871, 0, 15, 60, 1.2293447293447, 'korelasi positif', 1, 78, 153, 17, 0.090382387022016, 0.17728852838934, 0.019698725376593, 2),
('mie pedoo', 'pancake', 5.2143684820394, 17.728852838934, 29.411764705882, 0, 15, 60, 2.1694318753142, 'korelasi positif', 1, 153, 117, 45, 0.17728852838934, 0.13557358053302, 0.052143684820394, 2),
('pancake', 'mie pedoo', 5.2143684820394, 13.557358053302, 38.461538461538, 0, 15, 60, 2.1694318753142, 'korelasi positif', 1, 117, 153, 45, 0.13557358053302, 0.17728852838934, 0.052143684820394, 2),
('mie pedoo', 'roti bakar', 2.0857473928158, 17.728852838934, 11.764705882353, 0, 15, 60, 1.1407799074686, 'korelasi positif', 1, 153, 89, 18, 0.17728852838934, 0.10312862108922, 0.020857473928158, 2),
('roti bakar', 'mie pedoo', 2.0857473928158, 10.312862108922, 20.224719101124, 0, 15, 60, 1.1407799074686, 'korelasi positif', 1, 89, 153, 18, 0.10312862108922, 0.17728852838934, 0.020857473928158, 2),
('mie pedoo', 'lemon tea', 2.7809965237543, 17.728852838934, 15.686274509804, 0, 15, 60, 1.4401335002086, 'korelasi positif', 1, 153, 94, 24, 0.17728852838934, 0.10892236384705, 0.027809965237543, 2),
('lemon tea', 'mie pedoo', 2.7809965237543, 10.892236384705, 25.531914893617, 0, 15, 60, 1.4401335002086, 'korelasi positif', 1, 94, 153, 24, 0.10892236384705, 0.17728852838934, 0.027809965237543, 2),
('mie pedoo', 'milkshake', 3.2444959443801, 17.728852838934, 18.300653594771, 0, 15, 60, 1.7355455002514, 'korelasi positif', 1, 153, 91, 28, 0.17728852838934, 0.10544611819235, 0.032444959443801, 2),
('milkshake', 'mie pedoo', 3.2444959443801, 10.544611819235, 30.769230769231, 0, 15, 60, 1.7355455002514, 'korelasi positif', 1, 91, 153, 28, 0.10544611819235, 0.17728852838934, 0.032444959443801, 2),
('mie pedoo', 'puding', 2.2016222479722, 17.728852838934, 12.418300653595, 0, 15, 60, 1.093570761638, 'korelasi positif', 1, 153, 98, 19, 0.17728852838934, 0.1135573580533, 0.022016222479722, 2),
('puding', 'mie pedoo', 2.2016222479722, 11.35573580533, 19.387755102041, 0, 15, 60, 1.093570761638, 'korelasi positif', 1, 98, 153, 19, 0.1135573580533, 0.17728852838934, 0.022016222479722, 2),
('mie pedoo', 'jus', 4.0556199304751, 17.728852838934, 22.875816993464, 0, 15, 60, 1.6181827922426, 'korelasi positif', 1, 153, 122, 35, 0.17728852838934, 0.14136732329085, 0.040556199304751, 2),
('jus', 'mie pedoo', 4.0556199304751, 14.136732329085, 28.688524590164, 0, 15, 60, 1.6181827922426, 'korelasi positif', 1, 122, 153, 35, 0.14136732329085, 0.17728852838934, 0.040556199304751, 2),
('mie pedoo', 'coklat', 2.4333719582851, 17.728852838934, 13.725490196079, 0, 15, 60, 1.2601168126825, 'korelasi positif', 1, 153, 94, 21, 0.17728852838934, 0.10892236384705, 0.024333719582851, 2),
('coklat', 'mie pedoo', 2.4333719582851, 10.892236384705, 22.340425531915, 0, 15, 60, 1.2601168126825, 'korelasi positif', 1, 94, 153, 21, 0.10892236384705, 0.17728852838934, 0.024333719582851, 2),
('mie pedoo', 'teh manis', 9.3858632676709, 17.728852838934, 52.941176470588, 0, 15, 60, 1.8572453371593, 'korelasi positif', 1, 153, 246, 81, 0.17728852838934, 0.28505214368482, 0.093858632676709, 2),
('teh manis', 'mie pedoo', 9.3858632676709, 28.505214368482, 32.926829268293, 0, 15, 60, 1.8572453371593, 'korelasi positif', 1, 246, 153, 81, 0.28505214368482, 0.17728852838934, 0.093858632676709, 2),
('ayam bakar', 'pancake', 2.3174971031286, 9.6176129779838, 24.096385542168, 0, 15, 60, 1.7773658737514, 'korelasi positif', 1, 83, 117, 20, 0.096176129779838, 0.13557358053302, 0.023174971031286, 2),
('pancake', 'ayam bakar', 2.3174971031286, 13.557358053302, 17.094017094017, 0, 15, 60, 1.7773658737514, 'korelasi positif', 1, 117, 83, 20, 0.13557358053302, 0.096176129779838, 0.023174971031286, 2),
('ayam bakar', 'milkshake', 1.7381228273465, 9.6176129779838, 18.072289156627, 0, 15, 60, 1.7138885211174, 'korelasi positif', 1, 83, 91, 15, 0.096176129779838, 0.10544611819235, 0.017381228273465, 2),
('milkshake', 'ayam bakar', 1.7381228273465, 10.544611819235, 16.483516483517, 0, 15, 60, 1.7138885211174, 'korelasi positif', 1, 91, 83, 15, 0.10544611819235, 0.096176129779838, 0.017381228273465, 2),
('ayam bakar', 'puding', 2.2016222479722, 9.6176129779838, 22.89156626506, 0, 15, 60, 2.0158593557905, 'korelasi positif', 1, 83, 98, 19, 0.096176129779838, 0.1135573580533, 0.022016222479722, 2),
('puding', 'ayam bakar', 2.2016222479722, 11.35573580533, 19.387755102041, 0, 15, 60, 2.0158593557905, 'korelasi positif', 1, 98, 83, 19, 0.1135573580533, 0.096176129779838, 0.022016222479722, 2),
('ayam bakar', 'jus', 2.8968713789108, 9.6176129779838, 30.120481927711, 0, 15, 60, 2.1306537625913, 'korelasi positif', 1, 83, 122, 25, 0.096176129779838, 0.14136732329085, 0.028968713789108, 2),
('jus', 'ayam bakar', 2.8968713789108, 14.136732329085, 20.491803278689, 0, 15, 60, 2.1306537625913, 'korelasi positif', 1, 122, 83, 25, 0.14136732329085, 0.096176129779838, 0.028968713789108, 2),
('ayam bakar', 'teh manis', 5.5619930475087, 9.6176129779838, 57.831325301205, 0, 15, 60, 2.0287981193065, 'korelasi positif', 1, 83, 246, 48, 0.096176129779838, 0.28505214368482, 0.055619930475087, 2),
('teh manis', 'ayam bakar', 5.5619930475087, 28.505214368482, 19.512195121951, 0, 15, 60, 2.0287981193065, 'korelasi positif', 1, 246, 83, 48, 0.28505214368482, 0.096176129779838, 0.055619930475087, 2),
('mie kuah susu', 'pancake', 2.3174971031286, 6.3731170336037, 36.363636363636, 0, 15, 60, 2.6822066822067, 'korelasi positif', 1, 55, 117, 20, 0.063731170336037, 0.13557358053302, 0.023174971031286, 2),
('pancake', 'mie kuah susu', 2.3174971031286, 13.557358053302, 17.094017094017, 0, 15, 60, 2.6822066822067, 'korelasi positif', 1, 117, 55, 20, 0.13557358053302, 0.063731170336037, 0.023174971031286, 2),
('mie kuah susu', 'coklat', 1.7381228273465, 6.3731170336037, 27.272727272728, 0, 15, 60, 2.5038684719536, 'korelasi positif', 1, 55, 94, 15, 0.063731170336037, 0.10892236384705, 0.017381228273465, 2),
('coklat', 'mie kuah susu', 1.7381228273465, 10.892236384705, 15.957446808511, 0, 15, 60, 2.5038684719536, 'korelasi positif', 1, 94, 55, 15, 0.10892236384705, 0.063731170336037, 0.017381228273465, 2),
('es jeruk', 'puding', 2.0857473928158, 9.0382387022016, 23.076923076924, 0, 15, 60, 2.0321821036107, 'korelasi positif', 1, 78, 98, 18, 0.090382387022016, 0.1135573580533, 0.020857473928158, 2),
('puding', 'es jeruk', 2.0857473928158, 11.35573580533, 18.367346938776, 0, 15, 60, 2.0321821036107, 'korelasi positif', 1, 98, 78, 18, 0.1135573580533, 0.090382387022016, 0.020857473928158, 2),
('pancake', 'roti bakar', 2.0857473928158, 13.557358053302, 15.384615384616, 0, 15, 60, 1.4917891097666, 'korelasi positif', 1, 117, 89, 18, 0.13557358053302, 0.10312862108922, 0.020857473928158, 2),
('roti bakar', 'pancake', 2.0857473928158, 10.312862108922, 20.224719101124, 0, 15, 60, 1.4917891097666, 'korelasi positif', 1, 89, 117, 18, 0.10312862108922, 0.13557358053302, 0.020857473928158, 2),
('pancake', 'milkshake', 3.2444959443801, 13.557358053302, 23.931623931624, 0, 15, 60, 2.2695595003287, 'korelasi positif', 1, 117, 91, 28, 0.13557358053302, 0.10544611819235, 0.032444959443801, 2),
('milkshake', 'pancake', 3.2444959443801, 10.544611819235, 30.769230769231, 0, 15, 60, 2.2695595003287, 'korelasi positif', 1, 91, 117, 28, 0.10544611819235, 0.13557358053302, 0.032444959443801, 2),
('pancake', 'jus', 3.0127462340672, 13.557358053302, 22.222222222222, 0, 15, 60, 1.5719489981785, 'korelasi positif', 1, 117, 122, 26, 0.13557358053302, 0.14136732329085, 0.030127462340672, 2),
('jus', 'pancake', 3.0127462340672, 14.136732329085, 21.311475409836, 0, 15, 60, 1.5719489981785, 'korelasi positif', 1, 122, 117, 26, 0.14136732329085, 0.13557358053302, 0.030127462340672, 2),
('pancake', 'teh manis', 4.1714947856315, 13.557358053302, 30.769230769231, 0, 15, 60, 1.0794246404003, 'korelasi positif', 1, 117, 246, 36, 0.13557358053302, 0.28505214368482, 0.041714947856315, 2),
('teh manis', 'pancake', 4.1714947856315, 28.505214368482, 14.634146341463, 0, 15, 60, 1.0794246404003, 'korelasi positif', 1, 246, 117, 36, 0.28505214368482, 0.13557358053302, 0.041714947856315, 2),
('roti bakar', 'jus', 2.0857473928158, 10.312862108922, 20.224719101124, 0, 15, 60, 1.4306502118254, 'korelasi positif', 1, 89, 122, 18, 0.10312862108922, 0.14136732329085, 0.020857473928158, 2),
('jus', 'roti bakar', 2.0857473928158, 14.136732329085, 14.754098360656, 0, 15, 60, 1.4306502118254, 'korelasi positif', 1, 122, 89, 18, 0.14136732329085, 0.10312862108922, 0.020857473928158, 2),
('roti bakar', 'milk tea', 1.7381228273465, 10.312862108922, 16.85393258427, 0, 15, 60, 2.1079628724963, 'korelasi positif', 1, 89, 69, 15, 0.10312862108922, 0.079953650057937, 0.017381228273465, 2),
('milk tea', 'roti bakar', 1.7381228273465, 7.9953650057937, 21.739130434783, 0, 15, 60, 2.1079628724963, 'korelasi positif', 1, 69, 89, 15, 0.079953650057937, 0.10312862108922, 0.017381228273465, 2),
('roti bakar', 'teh manis', 2.7809965237543, 10.312862108922, 26.966292134831, 0, 15, 60, 0.94601260619348, 'korelasi negatif', 1, 89, 246, 24, 0.10312862108922, 0.28505214368482, 0.027809965237543, 2),
('teh manis', 'roti bakar', 2.7809965237543, 28.505214368482, 9.7560975609754, 0, 15, 60, 0.94601260619348, 'korelasi negatif', 1, 246, 89, 24, 0.28505214368482, 0.10312862108922, 0.027809965237543, 2),
('kentang goreng', 'milkshake', 1.7381228273465, 11.935110081112, 14.563106796117, 0, 15, 60, 1.3810946335218, 'korelasi positif', 1, 103, 91, 15, 0.11935110081112, 0.10544611819235, 0.017381228273465, 2),
('milkshake', 'kentang goreng', 1.7381228273465, 10.544611819235, 16.483516483517, 0, 15, 60, 1.3810946335218, 'korelasi positif', 1, 91, 103, 15, 0.10544611819235, 0.11935110081112, 0.017381228273465, 2),
('kentang goreng', 'teh manis', 2.8968713789108, 11.935110081112, 24.271844660194, 0, 15, 60, 0.85148788381088, 'korelasi negatif', 1, 103, 246, 25, 0.11935110081112, 0.28505214368482, 0.028968713789108, 2),
('teh manis', 'kentang goreng', 2.8968713789108, 28.505214368482, 10.162601626016, 0, 15, 60, 0.85148788381088, 'korelasi negatif', 1, 246, 103, 25, 0.28505214368482, 0.11935110081112, 0.028968713789108, 2),
('sop buah', 'teh manis', 2.5492468134415, 7.8794901506373, 32.352941176471, 0, 15, 60, 1.1349832615973, 'korelasi positif', 1, 68, 246, 22, 0.078794901506373, 0.28505214368482, 0.025492468134415, 2),
('teh manis', 'sop buah', 2.5492468134415, 28.505214368482, 8.9430894308944, 0, 15, 60, 1.1349832615973, 'korelasi positif', 1, 246, 68, 22, 0.28505214368482, 0.078794901506373, 0.025492468134415, 2),
('milkshake', 'jus', 2.6651216685979, 10.544611819235, 25.274725274725, 0, 15, 60, 1.7878760583679, 'korelasi positif', 1, 91, 122, 23, 0.10544611819235, 0.14136732329085, 0.026651216685979, 2),
('jus', 'milkshake', 2.6651216685979, 14.136732329085, 18.852459016393, 0, 15, 60, 1.7878760583679, 'korelasi positif', 1, 122, 91, 23, 0.14136732329085, 0.10544611819235, 0.026651216685979, 2),
('milkshake', 'teh manis', 2.5492468134415, 10.544611819235, 24.175824175824, 0, 15, 60, 0.84811936031448, 'korelasi negatif', 1, 91, 246, 22, 0.10544611819235, 0.28505214368482, 0.025492468134415, 2),
('teh manis', 'milkshake', 2.5492468134415, 28.505214368482, 8.9430894308944, 0, 15, 60, 0.84811936031448, 'korelasi negatif', 1, 246, 91, 22, 0.28505214368482, 0.10544611819235, 0.025492468134415, 2),
('puding', 'coklat', 1.7381228273465, 11.35573580533, 15.30612244898, 0, 15, 60, 1.4052323056882, 'korelasi positif', 1, 98, 94, 15, 0.1135573580533, 0.10892236384705, 0.017381228273465, 2),
('coklat', 'puding', 1.7381228273465, 10.892236384705, 15.957446808511, 0, 15, 60, 1.4052323056882, 'korelasi positif', 1, 94, 98, 15, 0.10892236384705, 0.1135573580533, 0.017381228273465, 2),
('puding', 'teh manis', 2.6651216685979, 11.35573580533, 23.469387755102, 0, 15, 60, 0.82333665173386, 'korelasi negatif', 1, 98, 246, 23, 0.1135573580533, 0.28505214368482, 0.026651216685979, 2),
('teh manis', 'puding', 2.6651216685979, 28.505214368482, 9.3495934959349, 0, 15, 60, 0.82333665173386, 'korelasi negatif', 1, 246, 98, 23, 0.28505214368482, 0.1135573580533, 0.026651216685979, 2),
('jus', 'teh manis', 3.7079953650058, 14.136732329085, 26.229508196721, 0, 15, 60, 0.92016526722644, 'korelasi negatif', 1, 122, 246, 32, 0.14136732329085, 0.28505214368482, 0.037079953650058, 2),
('teh manis', 'jus', 3.7079953650058, 28.505214368482, 13.008130081301, 0, 15, 60, 0.92016526722644, 'korelasi negatif', 1, 246, 122, 32, 0.28505214368482, 0.14136732329085, 0.037079953650058, 2),
('es krim', 'teh manis', 2.4333719582851, 5.7937427578216, 42.000000000001, 0, 15, 60, 1.4734146341463, 'korelasi positif', 1, 50, 246, 21, 0.057937427578216, 0.28505214368482, 0.024333719582851, 2),
('teh manis', 'es krim', 2.4333719582851, 28.505214368482, 8.5365853658538, 0, 15, 60, 1.4734146341463, 'korelasi positif', 1, 246, 50, 21, 0.28505214368482, 0.057937427578216, 0.024333719582851, 2),
('chiken katsu', 'teh manis', 1.7381228273465, 3.5921205098494, 48.387096774194, 0, 15, 60, 1.6974822974036, 'korelasi positif', 1, 31, 246, 15, 0.035921205098494, 0.28505214368482, 0.017381228273465, 2),
('teh manis', 'chiken katsu', 1.7381228273465, 28.505214368482, 6.0975609756099, 0, 15, 60, 1.6974822974036, 'korelasi positif', 1, 246, 31, 15, 0.28505214368482, 0.035921205098494, 0.017381228273465, 2);

-- --------------------------------------------------------

--
-- Table structure for table `tb_itemset1`
--

CREATE TABLE `tb_itemset1` (
  `atribut` varchar(200) DEFAULT NULL,
  `jumlah` int(11) DEFAULT NULL,
  `support` double DEFAULT NULL,
  `lolos` tinyint(4) DEFAULT NULL,
  `id_process` int(11) NOT NULL DEFAULT '0'
) ENGINE=InnoDB DEFAULT CHARSET=latin1;

--
-- Dumping data for table `tb_itemset1`
--

INSERT INTO `tb_itemset1` (`atribut`, `jumlah`, `support`, `lolos`, `id_process`) VALUES
('nasi goreng', 119, 13.789107763615, 1, 1),
(' milk tea', 0, 0, 0, 1),
('steak', 74, 8.5747392815759, 1, 1),
(' lemon tea', 0, 0, 0, 1),
(' es krim', 0, 0, 0, 1),
('omelette', 43, 4.9826187717265, 1, 1),
(' tahu goreng', 0, 0, 0, 1),
(' es jeruk', 0, 0, 0, 1),
('burger', 88, 10.196987253766, 1, 1),
(' jus', 0, 0, 0, 1),
('pisang bakar', 34, 3.9397450753187, 1, 1),
(' sop buah', 0, 0, 0, 1),
(' thai tea', 0, 0, 0, 1),
('mie tektek', 45, 5.2143684820394, 1, 1),
(' mie pedoo', 0, 0, 0, 1),
(' teh manis', 1, 0.11587485515643, 0, 1),
('mie pedoo', 153, 17.728852838934, 1, 1),
(' pancake', 0, 0, 0, 1),
(' puding', 0, 0, 0, 1),
(' milkshake', 0, 0, 0, 1),
('ayam bakar', 83, 9.6176129779838, 1, 1),
(' air mineral', 0, 0, 0, 1),
(' pisang bakar', 0, 0, 0, 1),
('chicken katsu', 22, 2.5492468134415, 1, 1),
(' susu murni', 0, 0, 0, 1),
(' mie kuah susu', 0, 0, 0, 1),
(' coklat', 0, 0, 0, 1),
(' roti bakar', 0, 0, 0, 1),
(' nasi goreng', 0, 0, 0, 1),
(' susu soda', 0, 0, 0, 1),
('mie kuah susu', 55, 6.3731170336037, 1, 1),
(' burger', 0, 0, 0, 1),
(' squash', 0, 0, 0, 1),
('es jeruk', 78, 9.0382387022016, 1, 1),
(' dorayaki', 0, 0, 0, 1),
('pancake', 117, 13.557358053302, 1, 1),
(' ayam bakar', 0, 0, 0, 1),
('roti bakar', 89, 10.312862108922, 1, 1),
('chicken teriyaki', 12, 1.3904982618772, 0, 1),
('kentang goreng', 103, 11.935110081112, 1, 1),
('tahu goreng', 54, 6.2572421784473, 1, 1),
(' kentang goreng', 0, 0, 0, 1),
(' omelette', 0, 0, 0, 1),
(' green tea', 0, 0, 0, 1),
('lemon tea', 94, 10.892236384705, 1, 1),
('sop buah', 68, 7.8794901506373, 1, 1),
('milkshake', 91, 10.544611819235, 1, 1),
(' mie tektek', 0, 0, 0, 1),
('puding', 98, 11.35573580533, 1, 1),
('jus', 122, 14.136732329085, 1, 1),
('susu murni', 40, 4.6349942062572, 1, 1),
('green tea', 31, 3.5921205098494, 1, 1),
(' steak', 0, 0, 0, 1),
('susu soda', 56, 6.4889918887601, 1, 1),
('dorayaki', 39, 4.5191193511008, 1, 1),
('coklat', 94, 10.892236384705, 1, 1),
('milk tea', 69, 7.9953650057937, 1, 1),
('es krim', 50, 5.7937427578216, 1, 1),
(' pisang goreng', 0, 0, 0, 1),
('squash', 59, 6.8366164542294, 1, 1),
('chiken katsu', 31, 3.5921205098494, 1, 1),
('chiken teriyaki', 15, 1.7381228273465, 1, 1),
('teh manis', 246, 28.505214368482, 1, 1),
('greeen tea', 1, 0.11587485515643, 0, 1),
('steak ', 0, 0, 0, 1),
('thai tea', 42, 4.8667439165701, 1, 1),
('susu soda ', 0, 0, 0, 1),
('es jeruk ', 0, 0, 0, 1),
(' coklat ', 0, 0, 0, 1),
('susu', 2, 0.23174971031286, 0, 1),
(' murni', 0, 0, 0, 1),
(' Milktea', 0, 0, 0, 1),
(' milkhake', 0, 0, 0, 1),
('omelete', 2, 0.23174971031286, 0, 1),
(' sop dorayaki', 0, 0, 0, 1),
('  teh manis', 0, 0, 0, 1);

-- --------------------------------------------------------

--
-- Table structure for table `tb_itemset2`
--

CREATE TABLE `tb_itemset2` (
  `atribut1` varchar(200) DEFAULT NULL,
  `atribut2` varchar(200) DEFAULT NULL,
  `jumlah` int(11) DEFAULT NULL,
  `support` double DEFAULT NULL,
  `lolos` tinyint(4) DEFAULT NULL,
  `id_process` int(11) NOT NULL DEFAULT '0'
) ENGINE=InnoDB DEFAULT CHARSET=latin1;

--
-- Dumping data for table `tb_itemset2`
--

INSERT INTO `tb_itemset2` (`atribut1`, `atribut2`, `jumlah`, `support`, `lolos`, `id_process`) VALUES
('nasi goreng', 'steak', 0, 0, 0, 1),
('nasi goreng', 'omelette', 0, 0, 0, 1),
('nasi goreng', 'burger', 0, 0, 0, 1),
('nasi goreng', 'pisang bakar', 0, 0, 0, 1),
('nasi goreng', 'mie tektek', 0, 0, 0, 1),
('nasi goreng', 'mie pedoo', 21, 2.4333719582851, 1, 1),
('nasi goreng', 'ayam bakar', 12, 1.3904982618772, 0, 1),
('nasi goreng', 'chicken katsu', 0, 0, 0, 1),
('nasi goreng', 'mie kuah susu', 0, 0, 0, 1),
('nasi goreng', 'es jeruk', 0, 0, 0, 1),
('nasi goreng', 'pancake', 9, 1.0428736964079, 0, 1),
('nasi goreng', 'roti bakar', 6, 0.69524913093859, 0, 1),
('nasi goreng', 'kentang goreng', 0, 0, 0, 1),
('nasi goreng', 'tahu goreng', 1, 0.11587485515643, 0, 1),
('nasi goreng', 'lemon tea', 15, 1.7381228273465, 1, 1),
('nasi goreng', 'sop buah', 14, 1.62224797219, 0, 1),
('nasi goreng', 'milkshake', 23, 2.6651216685979, 1, 1),
('nasi goreng', 'puding', 12, 1.3904982618772, 0, 1),
('nasi goreng', 'jus', 27, 3.1286210892236, 1, 1),
('nasi goreng', 'susu murni', 0, 0, 0, 1),
('nasi goreng', 'green tea', 0, 0, 0, 1),
('nasi goreng', 'susu soda', 8, 0.92699884125145, 0, 1),
('nasi goreng', 'dorayaki', 2, 0.23174971031286, 0, 1),
('nasi goreng', 'coklat', 2, 0.23174971031286, 0, 1),
('nasi goreng', 'milk tea', 8, 0.92699884125145, 0, 1),
('nasi goreng', 'es krim', 22, 2.5492468134415, 1, 1),
('nasi goreng', 'squash', 3, 0.34762456546929, 0, 1),
('nasi goreng', 'chiken katsu', 0, 0, 0, 1),
('nasi goreng', 'chiken teriyaki', 0, 0, 0, 1),
('nasi goreng', 'teh manis', 68, 7.8794901506373, 1, 1),
('nasi goreng', 'thai tea', 0, 0, 0, 1),
('steak', 'omelette', 0, 0, 0, 1),
('steak', 'burger', 16, 1.8539976825029, 1, 1),
('steak', 'pisang bakar', 0, 0, 0, 1),
('steak', 'mie tektek', 0, 0, 0, 1),
('steak', 'mie pedoo', 1, 0.11587485515643, 0, 1),
('steak', 'ayam bakar', 0, 0, 0, 1),
('steak', 'chicken katsu', 1, 0.11587485515643, 0, 1),
('steak', 'mie kuah susu', 0, 0, 0, 1),
('steak', 'es jeruk', 1, 0.11587485515643, 0, 1),
('steak', 'pancake', 0, 0, 0, 1),
('steak', 'roti bakar', 1, 0.11587485515643, 0, 1),
('steak', 'kentang goreng', 18, 2.0857473928158, 1, 1),
('steak', 'tahu goreng', 1, 0.11587485515643, 0, 1),
('steak', 'lemon tea', 17, 1.9698725376593, 1, 1),
('steak', 'sop buah', 8, 0.92699884125145, 0, 1),
('steak', 'milkshake', 8, 0.92699884125145, 0, 1),
('steak', 'puding', 14, 1.62224797219, 0, 1),
('steak', 'jus', 5, 0.57937427578216, 0, 1),
('steak', 'susu murni', 1, 0.11587485515643, 0, 1),
('steak', 'green tea', 3, 0.34762456546929, 0, 1),
('steak', 'susu soda', 17, 1.9698725376593, 1, 1),
('steak', 'dorayaki', 0, 0, 0, 1),
('steak', 'coklat', 8, 0.92699884125145, 0, 1),
('steak', 'milk tea', 8, 0.92699884125145, 0, 1),
('steak', 'es krim', 12, 1.3904982618772, 0, 1),
('steak', 'squash', 2, 0.23174971031286, 0, 1),
('steak', 'chiken katsu', 0, 0, 0, 1),
('steak', 'chiken teriyaki', 0, 0, 0, 1),
('steak', 'teh manis', 2, 0.23174971031286, 0, 1),
('steak', 'thai tea', 8, 0.92699884125145, 0, 1),
('omelette', 'burger', 7, 0.81112398609502, 0, 1),
('omelette', 'pisang bakar', 0, 0, 0, 1),
('omelette', 'mie tektek', 0, 0, 0, 1),
('omelette', 'mie pedoo', 4, 0.46349942062572, 0, 1),
('omelette', 'ayam bakar', 0, 0, 0, 1),
('omelette', 'chicken katsu', 0, 0, 0, 1),
('omelette', 'mie kuah susu', 0, 0, 0, 1),
('omelette', 'es jeruk', 17, 1.9698725376593, 1, 1),
('omelette', 'pancake', 5, 0.57937427578216, 0, 1),
('omelette', 'roti bakar', 0, 0, 0, 1),
('omelette', 'kentang goreng', 7, 0.81112398609502, 0, 1),
('omelette', 'tahu goreng', 3, 0.34762456546929, 0, 1),
('omelette', 'lemon tea', 0, 0, 0, 1),
('omelette', 'sop buah', 1, 0.11587485515643, 0, 1),
('omelette', 'milkshake', 2, 0.23174971031286, 0, 1),
('omelette', 'puding', 14, 1.62224797219, 0, 1),
('omelette', 'jus', 6, 0.69524913093859, 0, 1),
('omelette', 'susu murni', 3, 0.34762456546929, 0, 1),
('omelette', 'green tea', 0, 0, 0, 1),
('omelette', 'susu soda', 0, 0, 0, 1),
('omelette', 'dorayaki', 0, 0, 0, 1),
('omelette', 'coklat', 2, 0.23174971031286, 0, 1),
('omelette', 'milk tea', 0, 0, 0, 1),
('omelette', 'es krim', 2, 0.23174971031286, 0, 1),
('omelette', 'squash', 1, 0.11587485515643, 0, 1),
('omelette', 'chiken katsu', 0, 0, 0, 1),
('omelette', 'chiken teriyaki', 0, 0, 0, 1),
('omelette', 'teh manis', 14, 1.62224797219, 0, 1),
('omelette', 'thai tea', 2, 0.23174971031286, 0, 1),
('burger', 'pisang bakar', 1, 0.11587485515643, 0, 1),
('burger', 'mie tektek', 0, 0, 0, 1),
('burger', 'mie pedoo', 1, 0.11587485515643, 0, 1),
('burger', 'ayam bakar', 0, 0, 0, 1),
('burger', 'chicken katsu', 0, 0, 0, 1),
('burger', 'mie kuah susu', 5, 0.57937427578216, 0, 1),
('burger', 'es jeruk', 10, 1.1587485515643, 0, 1),
('burger', 'pancake', 1, 0.11587485515643, 0, 1),
('burger', 'roti bakar', 5, 0.57937427578216, 0, 1),
('burger', 'kentang goreng', 24, 2.7809965237543, 1, 1),
('burger', 'tahu goreng', 2, 0.23174971031286, 0, 1),
('burger', 'lemon tea', 8, 0.92699884125145, 0, 1),
('burger', 'sop buah', 10, 1.1587485515643, 0, 1),
('burger', 'milkshake', 10, 1.1587485515643, 0, 1),
('burger', 'puding', 2, 0.23174971031286, 0, 1),
('burger', 'jus', 25, 2.8968713789108, 1, 1),
('burger', 'susu murni', 5, 0.57937427578216, 0, 1),
('burger', 'green tea', 3, 0.34762456546929, 0, 1),
('burger', 'susu soda', 4, 0.46349942062572, 0, 1),
('burger', 'dorayaki', 1, 0.11587485515643, 0, 1),
('burger', 'coklat', 12, 1.3904982618772, 0, 1),
('burger', 'milk tea', 11, 1.2746234067207, 0, 1),
('burger', 'es krim', 3, 0.34762456546929, 0, 1),
('burger', 'squash', 13, 1.5063731170336, 0, 1),
('burger', 'chiken katsu', 0, 0, 0, 1),
('burger', 'chiken teriyaki', 0, 0, 0, 1),
('burger', 'teh manis', 8, 0.92699884125145, 0, 1),
('burger', 'thai tea', 2, 0.23174971031286, 0, 1),
('pisang bakar', 'mie tektek', 5, 0.57937427578216, 0, 1),
('pisang bakar', 'mie pedoo', 0, 0, 0, 1),
('pisang bakar', 'ayam bakar', 5, 0.57937427578216, 0, 1),
('pisang bakar', 'chicken katsu', 0, 0, 0, 1),
('pisang bakar', 'mie kuah susu', 0, 0, 0, 1),
('pisang bakar', 'es jeruk', 3, 0.34762456546929, 0, 1),
('pisang bakar', 'pancake', 0, 0, 0, 1),
('pisang bakar', 'roti bakar', 1, 0.11587485515643, 0, 1),
('pisang bakar', 'kentang goreng', 3, 0.34762456546929, 0, 1),
('pisang bakar', 'tahu goreng', 0, 0, 0, 1),
('pisang bakar', 'lemon tea', 0, 0, 0, 1),
('pisang bakar', 'sop buah', 8, 0.92699884125145, 0, 1),
('pisang bakar', 'milkshake', 1, 0.11587485515643, 0, 1),
('pisang bakar', 'puding', 0, 0, 0, 1),
('pisang bakar', 'jus', 1, 0.11587485515643, 0, 1),
('pisang bakar', 'susu murni', 0, 0, 0, 1),
('pisang bakar', 'green tea', 0, 0, 0, 1),
('pisang bakar', 'susu soda', 0, 0, 0, 1),
('pisang bakar', 'dorayaki', 4, 0.46349942062572, 0, 1),
('pisang bakar', 'coklat', 6, 0.69524913093859, 0, 1),
('pisang bakar', 'milk tea', 5, 0.57937427578216, 0, 1),
('pisang bakar', 'es krim', 0, 0, 0, 1),
('pisang bakar', 'squash', 3, 0.34762456546929, 0, 1),
('pisang bakar', 'chiken katsu', 0, 0, 0, 1),
('pisang bakar', 'chiken teriyaki', 0, 0, 0, 1),
('pisang bakar', 'teh manis', 0, 0, 0, 1),
('pisang bakar', 'thai tea', 8, 0.92699884125145, 0, 1),
('mie tektek', 'mie pedoo', 20, 2.3174971031286, 1, 1),
('mie tektek', 'ayam bakar', 0, 0, 0, 1),
('mie tektek', 'chicken katsu', 0, 0, 0, 1),
('mie tektek', 'mie kuah susu', 3, 0.34762456546929, 0, 1),
('mie tektek', 'es jeruk', 17, 1.9698725376593, 1, 1),
('mie tektek', 'pancake', 1, 0.11587485515643, 0, 1),
('mie tektek', 'roti bakar', 2, 0.23174971031286, 0, 1),
('mie tektek', 'kentang goreng', 0, 0, 0, 1),
('mie tektek', 'tahu goreng', 0, 0, 0, 1),
('mie tektek', 'lemon tea', 0, 0, 0, 1),
('mie tektek', 'sop buah', 2, 0.23174971031286, 0, 1),
('mie tektek', 'milkshake', 1, 0.11587485515643, 0, 1),
('mie tektek', 'puding', 5, 0.57937427578216, 0, 1),
('mie tektek', 'jus', 4, 0.46349942062572, 0, 1),
('mie tektek', 'susu murni', 5, 0.57937427578216, 0, 1),
('mie tektek', 'green tea', 0, 0, 0, 1),
('mie tektek', 'susu soda', 0, 0, 0, 1),
('mie tektek', 'dorayaki', 5, 0.57937427578216, 0, 1),
('mie tektek', 'coklat', 8, 0.92699884125145, 0, 1),
('mie tektek', 'milk tea', 10, 1.1587485515643, 0, 1),
('mie tektek', 'es krim', 0, 0, 0, 1),
('mie tektek', 'squash', 0, 0, 0, 1),
('mie tektek', 'chiken katsu', 0, 0, 0, 1),
('mie tektek', 'chiken teriyaki', 0, 0, 0, 1),
('mie tektek', 'teh manis', 18, 2.0857473928158, 1, 1),
('mie tektek', 'thai tea', 0, 0, 0, 1),
('mie pedoo', 'ayam bakar', 13, 1.5063731170336, 0, 1),
('mie pedoo', 'chicken katsu', 0, 0, 0, 1),
('mie pedoo', 'mie kuah susu', 19, 2.2016222479722, 1, 1),
('mie pedoo', 'es jeruk', 17, 1.9698725376593, 1, 1),
('mie pedoo', 'pancake', 45, 5.2143684820394, 1, 1),
('mie pedoo', 'roti bakar', 18, 2.0857473928158, 1, 1),
('mie pedoo', 'kentang goreng', 2, 0.23174971031286, 0, 1),
('mie pedoo', 'tahu goreng', 4, 0.46349942062572, 0, 1),
('mie pedoo', 'lemon tea', 24, 2.7809965237543, 1, 1),
('mie pedoo', 'sop buah', 2, 0.23174971031286, 0, 1),
('mie pedoo', 'milkshake', 28, 3.2444959443801, 1, 1),
('mie pedoo', 'puding', 19, 2.2016222479722, 1, 1),
('mie pedoo', 'jus', 35, 4.0556199304751, 1, 1),
('mie pedoo', 'susu murni', 1, 0.11587485515643, 0, 1),
('mie pedoo', 'green tea', 2, 0.23174971031286, 0, 1),
('mie pedoo', 'susu soda', 9, 1.0428736964079, 0, 1),
('mie pedoo', 'dorayaki', 0, 0, 0, 1),
('mie pedoo', 'coklat', 21, 2.4333719582851, 1, 1),
('mie pedoo', 'milk tea', 9, 1.0428736964079, 0, 1),
('mie pedoo', 'es krim', 0, 0, 0, 1),
('mie pedoo', 'squash', 0, 0, 0, 1),
('mie pedoo', 'chiken katsu', 0, 0, 0, 1),
('mie pedoo', 'chiken teriyaki', 0, 0, 0, 1),
('mie pedoo', 'teh manis', 81, 9.3858632676709, 1, 1),
('mie pedoo', 'thai tea', 2, 0.23174971031286, 0, 1),
('ayam bakar', 'chicken katsu', 0, 0, 0, 1),
('ayam bakar', 'mie kuah susu', 2, 0.23174971031286, 0, 1),
('ayam bakar', 'es jeruk', 5, 0.57937427578216, 0, 1),
('ayam bakar', 'pancake', 20, 2.3174971031286, 1, 1),
('ayam bakar', 'roti bakar', 6, 0.69524913093859, 0, 1),
('ayam bakar', 'kentang goreng', 2, 0.23174971031286, 0, 1),
('ayam bakar', 'tahu goreng', 9, 1.0428736964079, 0, 1),
('ayam bakar', 'lemon tea', 6, 0.69524913093859, 0, 1),
('ayam bakar', 'sop buah', 2, 0.23174971031286, 0, 1),
('ayam bakar', 'milkshake', 15, 1.7381228273465, 1, 1),
('ayam bakar', 'puding', 19, 2.2016222479722, 1, 1),
('ayam bakar', 'jus', 25, 2.8968713789108, 1, 1),
('ayam bakar', 'susu murni', 0, 0, 0, 1),
('ayam bakar', 'green tea', 0, 0, 0, 1),
('ayam bakar', 'susu soda', 1, 0.11587485515643, 0, 1),
('ayam bakar', 'dorayaki', 1, 0.11587485515643, 0, 1),
('ayam bakar', 'coklat', 1, 0.11587485515643, 0, 1),
('ayam bakar', 'milk tea', 1, 0.11587485515643, 0, 1),
('ayam bakar', 'es krim', 1, 0.11587485515643, 0, 1),
('ayam bakar', 'squash', 0, 0, 0, 1),
('ayam bakar', 'chiken katsu', 0, 0, 0, 1),
('ayam bakar', 'chiken teriyaki', 0, 0, 0, 1),
('ayam bakar', 'teh manis', 48, 5.5619930475087, 1, 1),
('ayam bakar', 'thai tea', 2, 0.23174971031286, 0, 1),
('chicken katsu', 'mie kuah susu', 0, 0, 0, 1),
('chicken katsu', 'es jeruk', 8, 0.92699884125145, 0, 1),
('chicken katsu', 'pancake', 0, 0, 0, 1),
('chicken katsu', 'roti bakar', 0, 0, 0, 1),
('chicken katsu', 'kentang goreng', 0, 0, 0, 1),
('chicken katsu', 'tahu goreng', 0, 0, 0, 1),
('chicken katsu', 'lemon tea', 7, 0.81112398609502, 0, 1),
('chicken katsu', 'sop buah', 0, 0, 0, 1),
('chicken katsu', 'milkshake', 0, 0, 0, 1),
('chicken katsu', 'puding', 0, 0, 0, 1),
('chicken katsu', 'jus', 0, 0, 0, 1),
('chicken katsu', 'susu murni', 6, 0.69524913093859, 0, 1),
('chicken katsu', 'green tea', 0, 0, 0, 1),
('chicken katsu', 'susu soda', 8, 0.92699884125145, 0, 1),
('chicken katsu', 'dorayaki', 1, 0.11587485515643, 0, 1),
('chicken katsu', 'coklat', 0, 0, 0, 1),
('chicken katsu', 'milk tea', 0, 0, 0, 1),
('chicken katsu', 'es krim', 0, 0, 0, 1),
('chicken katsu', 'squash', 2, 0.23174971031286, 0, 1),
('chicken katsu', 'chiken katsu', 0, 0, 0, 1),
('chicken katsu', 'chiken teriyaki', 0, 0, 0, 1),
('chicken katsu', 'teh manis', 0, 0, 0, 1),
('chicken katsu', 'thai tea', 0, 0, 0, 1),
('mie kuah susu', 'es jeruk', 1, 0.11587485515643, 0, 1),
('mie kuah susu', 'pancake', 20, 2.3174971031286, 1, 1),
('mie kuah susu', 'roti bakar', 5, 0.57937427578216, 0, 1),
('mie kuah susu', 'kentang goreng', 3, 0.34762456546929, 0, 1),
('mie kuah susu', 'tahu goreng', 0, 0, 0, 1),
('mie kuah susu', 'lemon tea', 14, 1.62224797219, 0, 1),
('mie kuah susu', 'sop buah', 2, 0.23174971031286, 0, 1),
('mie kuah susu', 'milkshake', 0, 0, 0, 1),
('mie kuah susu', 'puding', 1, 0.11587485515643, 0, 1),
('mie kuah susu', 'jus', 6, 0.69524913093859, 0, 1),
('mie kuah susu', 'susu murni', 0, 0, 0, 1),
('mie kuah susu', 'green tea', 2, 0.23174971031286, 0, 1),
('mie kuah susu', 'susu soda', 1, 0.11587485515643, 0, 1),
('mie kuah susu', 'dorayaki', 0, 0, 0, 1),
('mie kuah susu', 'coklat', 15, 1.7381228273465, 1, 1),
('mie kuah susu', 'milk tea', 9, 1.0428736964079, 0, 1),
('mie kuah susu', 'es krim', 1, 0.11587485515643, 0, 1),
('mie kuah susu', 'squash', 5, 0.57937427578216, 0, 1),
('mie kuah susu', 'chiken katsu', 0, 0, 0, 1),
('mie kuah susu', 'chiken teriyaki', 0, 0, 0, 1),
('mie kuah susu', 'teh manis', 13, 1.5063731170336, 0, 1),
('mie kuah susu', 'thai tea', 0, 0, 0, 1),
('es jeruk', 'pancake', 1, 0.11587485515643, 0, 1),
('es jeruk', 'roti bakar', 0, 0, 0, 1),
('es jeruk', 'kentang goreng', 12, 1.3904982618772, 0, 1),
('es jeruk', 'tahu goreng', 8, 0.92699884125145, 0, 1),
('es jeruk', 'lemon tea', 4, 0.46349942062572, 0, 1),
('es jeruk', 'sop buah', 0, 0, 0, 1),
('es jeruk', 'milkshake', 0, 0, 0, 1),
('es jeruk', 'puding', 18, 2.0857473928158, 1, 1),
('es jeruk', 'jus', 2, 0.23174971031286, 0, 1),
('es jeruk', 'susu murni', 0, 0, 0, 1),
('es jeruk', 'green tea', 0, 0, 0, 1),
('es jeruk', 'susu soda', 8, 0.92699884125145, 0, 1),
('es jeruk', 'dorayaki', 12, 1.3904982618772, 0, 1),
('es jeruk', 'coklat', 8, 0.92699884125145, 0, 1),
('es jeruk', 'milk tea', 0, 0, 0, 1),
('es jeruk', 'es krim', 0, 0, 0, 1),
('es jeruk', 'squash', 0, 0, 0, 1),
('es jeruk', 'chiken katsu', 0, 0, 0, 1),
('es jeruk', 'chiken teriyaki', 0, 0, 0, 1),
('es jeruk', 'teh manis', 9, 1.0428736964079, 0, 1),
('es jeruk', 'thai tea', 0, 0, 0, 1),
('pancake', 'roti bakar', 18, 2.0857473928158, 1, 1),
('pancake', 'kentang goreng', 2, 0.23174971031286, 0, 1),
('pancake', 'tahu goreng', 1, 0.11587485515643, 0, 1),
('pancake', 'lemon tea', 11, 1.2746234067207, 0, 1),
('pancake', 'sop buah', 0, 0, 0, 1),
('pancake', 'milkshake', 28, 3.2444959443801, 1, 1),
('pancake', 'puding', 5, 0.57937427578216, 0, 1),
('pancake', 'jus', 26, 3.0127462340672, 1, 1),
('pancake', 'susu murni', 4, 0.46349942062572, 0, 1),
('pancake', 'green tea', 0, 0, 0, 1),
('pancake', 'susu soda', 1, 0.11587485515643, 0, 1),
('pancake', 'dorayaki', 0, 0, 0, 1),
('pancake', 'coklat', 9, 1.0428736964079, 0, 1),
('pancake', 'milk tea', 13, 1.5063731170336, 0, 1),
('pancake', 'es krim', 2, 0.23174971031286, 0, 1),
('pancake', 'squash', 0, 0, 0, 1),
('pancake', 'chiken katsu', 0, 0, 0, 1),
('pancake', 'chiken teriyaki', 10, 1.1587485515643, 0, 1),
('pancake', 'teh manis', 36, 4.1714947856315, 1, 1),
('pancake', 'thai tea', 0, 0, 0, 1),
('roti bakar', 'kentang goreng', 3, 0.34762456546929, 0, 1),
('roti bakar', 'tahu goreng', 2, 0.23174971031286, 0, 1),
('roti bakar', 'lemon tea', 3, 0.34762456546929, 0, 1),
('roti bakar', 'sop buah', 0, 0, 0, 1),
('roti bakar', 'milkshake', 12, 1.3904982618772, 0, 1),
('roti bakar', 'puding', 14, 1.62224797219, 0, 1),
('roti bakar', 'jus', 18, 2.0857473928158, 1, 1),
('roti bakar', 'susu murni', 0, 0, 0, 1),
('roti bakar', 'green tea', 6, 0.69524913093859, 0, 1),
('roti bakar', 'susu soda', 13, 1.5063731170336, 0, 1),
('roti bakar', 'dorayaki', 5, 0.57937427578216, 0, 1),
('roti bakar', 'coklat', 14, 1.62224797219, 0, 1),
('roti bakar', 'milk tea', 15, 1.7381228273465, 1, 1),
('roti bakar', 'es krim', 0, 0, 0, 1),
('roti bakar', 'squash', 6, 0.69524913093859, 0, 1),
('roti bakar', 'chiken katsu', 0, 0, 0, 1),
('roti bakar', 'chiken teriyaki', 0, 0, 0, 1),
('roti bakar', 'teh manis', 24, 2.7809965237543, 1, 1),
('roti bakar', 'thai tea', 1, 0.11587485515643, 0, 1),
('kentang goreng', 'tahu goreng', 1, 0.11587485515643, 0, 1),
('kentang goreng', 'lemon tea', 9, 1.0428736964079, 0, 1),
('kentang goreng', 'sop buah', 3, 0.34762456546929, 0, 1),
('kentang goreng', 'milkshake', 15, 1.7381228273465, 1, 1),
('kentang goreng', 'puding', 3, 0.34762456546929, 0, 1),
('kentang goreng', 'jus', 14, 1.62224797219, 0, 1),
('kentang goreng', 'susu murni', 9, 1.0428736964079, 0, 1),
('kentang goreng', 'green tea', 3, 0.34762456546929, 0, 1),
('kentang goreng', 'susu soda', 3, 0.34762456546929, 0, 1),
('kentang goreng', 'dorayaki', 0, 0, 0, 1),
('kentang goreng', 'coklat', 3, 0.34762456546929, 0, 1),
('kentang goreng', 'milk tea', 3, 0.34762456546929, 0, 1),
('kentang goreng', 'es krim', 1, 0.11587485515643, 0, 1),
('kentang goreng', 'squash', 6, 0.69524913093859, 0, 1),
('kentang goreng', 'chiken katsu', 0, 0, 0, 1),
('kentang goreng', 'chiken teriyaki', 0, 0, 0, 1),
('kentang goreng', 'teh manis', 25, 2.8968713789108, 1, 1),
('kentang goreng', 'thai tea', 6, 0.69524913093859, 0, 1),
('tahu goreng', 'lemon tea', 1, 0.11587485515643, 0, 1),
('tahu goreng', 'sop buah', 12, 1.3904982618772, 0, 1),
('tahu goreng', 'milkshake', 2, 0.23174971031286, 0, 1),
('tahu goreng', 'puding', 4, 0.46349942062572, 0, 1),
('tahu goreng', 'jus', 1, 0.11587485515643, 0, 1),
('tahu goreng', 'susu murni', 1, 0.11587485515643, 0, 1),
('tahu goreng', 'green tea', 0, 0, 0, 1),
('tahu goreng', 'susu soda', 0, 0, 0, 1),
('tahu goreng', 'dorayaki', 3, 0.34762456546929, 0, 1),
('tahu goreng', 'coklat', 5, 0.57937427578216, 0, 1),
('tahu goreng', 'milk tea', 3, 0.34762456546929, 0, 1),
('tahu goreng', 'es krim', 3, 0.34762456546929, 0, 1),
('tahu goreng', 'squash', 7, 0.81112398609502, 0, 1),
('tahu goreng', 'chiken katsu', 0, 0, 0, 1),
('tahu goreng', 'chiken teriyaki', 0, 0, 0, 1),
('tahu goreng', 'teh manis', 14, 1.62224797219, 0, 1),
('tahu goreng', 'thai tea', 4, 0.46349942062572, 0, 1),
('lemon tea', 'sop buah', 0, 0, 0, 1),
('lemon tea', 'milkshake', 3, 0.34762456546929, 0, 1),
('lemon tea', 'puding', 2, 0.23174971031286, 0, 1),
('lemon tea', 'jus', 5, 0.57937427578216, 0, 1),
('lemon tea', 'susu murni', 0, 0, 0, 1),
('lemon tea', 'green tea', 0, 0, 0, 1),
('lemon tea', 'susu soda', 11, 1.2746234067207, 0, 1),
('lemon tea', 'dorayaki', 0, 0, 0, 1),
('lemon tea', 'coklat', 0, 0, 0, 1),
('lemon tea', 'milk tea', 0, 0, 0, 1),
('lemon tea', 'es krim', 6, 0.69524913093859, 0, 1),
('lemon tea', 'squash', 6, 0.69524913093859, 0, 1),
('lemon tea', 'chiken katsu', 2, 0.23174971031286, 0, 1),
('lemon tea', 'chiken teriyaki', 10, 1.1587485515643, 0, 1),
('lemon tea', 'teh manis', 0, 0, 0, 1),
('lemon tea', 'thai tea', 0, 0, 0, 1),
('sop buah', 'milkshake', 0, 0, 0, 1),
('sop buah', 'puding', 0, 0, 0, 1),
('sop buah', 'jus', 1, 0.11587485515643, 0, 1),
('sop buah', 'susu murni', 1, 0.11587485515643, 0, 1),
('sop buah', 'green tea', 0, 0, 0, 1),
('sop buah', 'susu soda', 0, 0, 0, 1),
('sop buah', 'dorayaki', 7, 0.81112398609502, 0, 1),
('sop buah', 'coklat', 3, 0.34762456546929, 0, 1),
('sop buah', 'milk tea', 8, 0.92699884125145, 0, 1),
('sop buah', 'es krim', 1, 0.11587485515643, 0, 1),
('sop buah', 'squash', 5, 0.57937427578216, 0, 1),
('sop buah', 'chiken katsu', 0, 0, 0, 1),
('sop buah', 'chiken teriyaki', 5, 0.57937427578216, 0, 1),
('sop buah', 'teh manis', 22, 2.5492468134415, 1, 1),
('sop buah', 'thai tea', 8, 0.92699884125145, 0, 1),
('milkshake', 'puding', 12, 1.3904982618772, 0, 1),
('milkshake', 'jus', 23, 2.6651216685979, 1, 1),
('milkshake', 'susu murni', 1, 0.11587485515643, 0, 1),
('milkshake', 'green tea', 8, 0.92699884125145, 0, 1),
('milkshake', 'susu soda', 0, 0, 0, 1),
('milkshake', 'dorayaki', 0, 0, 0, 1),
('milkshake', 'coklat', 11, 1.2746234067207, 0, 1),
('milkshake', 'milk tea', 1, 0.11587485515643, 0, 1),
('milkshake', 'es krim', 2, 0.23174971031286, 0, 1),
('milkshake', 'squash', 13, 1.5063731170336, 0, 1),
('milkshake', 'chiken katsu', 0, 0, 0, 1),
('milkshake', 'chiken teriyaki', 0, 0, 0, 1),
('milkshake', 'teh manis', 22, 2.5492468134415, 1, 1),
('milkshake', 'thai tea', 0, 0, 0, 1),
('puding', 'jus', 12, 1.3904982618772, 0, 1),
('puding', 'susu murni', 6, 0.69524913093859, 0, 1),
('puding', 'green tea', 2, 0.23174971031286, 0, 1),
('puding', 'susu soda', 13, 1.5063731170336, 0, 1),
('puding', 'dorayaki', 0, 0, 0, 1),
('puding', 'coklat', 15, 1.7381228273465, 1, 1),
('puding', 'milk tea', 0, 0, 0, 1),
('puding', 'es krim', 6, 0.69524913093859, 0, 1),
('puding', 'squash', 1, 0.11587485515643, 0, 1),
('puding', 'chiken katsu', 1, 0.11587485515643, 0, 1),
('puding', 'chiken teriyaki', 0, 0, 0, 1),
('puding', 'teh manis', 23, 2.6651216685979, 1, 1),
('puding', 'thai tea', 1, 0.11587485515643, 0, 1),
('jus', 'susu murni', 1, 0.11587485515643, 0, 1),
('jus', 'green tea', 0, 0, 0, 1),
('jus', 'susu soda', 0, 0, 0, 1),
('jus', 'dorayaki', 1, 0.11587485515643, 0, 1),
('jus', 'coklat', 1, 0.11587485515643, 0, 1),
('jus', 'milk tea', 1, 0.11587485515643, 0, 1),
('jus', 'es krim', 0, 0, 0, 1),
('jus', 'squash', 9, 1.0428736964079, 0, 1),
('jus', 'chiken katsu', 0, 0, 0, 1),
('jus', 'chiken teriyaki', 0, 0, 0, 1),
('jus', 'teh manis', 32, 3.7079953650058, 1, 1),
('jus', 'thai tea', 9, 1.0428736964079, 0, 1),
('susu murni', 'green tea', 1, 0.11587485515643, 0, 1),
('susu murni', 'susu soda', 8, 0.92699884125145, 0, 1),
('susu murni', 'dorayaki', 0, 0, 0, 1),
('susu murni', 'coklat', 4, 0.46349942062572, 0, 1),
('susu murni', 'milk tea', 3, 0.34762456546929, 0, 1),
('susu murni', 'es krim', 1, 0.11587485515643, 0, 1),
('susu murni', 'squash', 6, 0.69524913093859, 0, 1),
('susu murni', 'chiken katsu', 0, 0, 0, 1),
('susu murni', 'chiken teriyaki', 0, 0, 0, 1),
('susu murni', 'teh manis', 0, 0, 0, 1),
('susu murni', 'thai tea', 0, 0, 0, 1),
('green tea', 'susu soda', 0, 0, 0, 1),
('green tea', 'dorayaki', 5, 0.57937427578216, 0, 1),
('green tea', 'coklat', 11, 1.2746234067207, 0, 1),
('green tea', 'milk tea', 1, 0.11587485515643, 0, 1),
('green tea', 'es krim', 0, 0, 0, 1),
('green tea', 'squash', 8, 0.92699884125145, 0, 1),
('green tea', 'chiken katsu', 7, 0.81112398609502, 0, 1),
('green tea', 'chiken teriyaki', 0, 0, 0, 1),
('green tea', 'teh manis', 0, 0, 0, 1),
('green tea', 'thai tea', 1, 0.11587485515643, 0, 1),
('susu soda', 'dorayaki', 1, 0.11587485515643, 0, 1),
('susu soda', 'coklat', 4, 0.46349942062572, 0, 1),
('susu soda', 'milk tea', 1, 0.11587485515643, 0, 1),
('susu soda', 'es krim', 1, 0.11587485515643, 0, 1),
('susu soda', 'squash', 0, 0, 0, 1),
('susu soda', 'chiken katsu', 0, 0, 0, 1),
('susu soda', 'chiken teriyaki', 0, 0, 0, 1),
('susu soda', 'teh manis', 0, 0, 0, 1),
('susu soda', 'thai tea', 0, 0, 0, 1),
('dorayaki', 'coklat', 7, 0.81112398609502, 0, 1),
('dorayaki', 'milk tea', 6, 0.69524913093859, 0, 1),
('dorayaki', 'es krim', 2, 0.23174971031286, 0, 1),
('dorayaki', 'squash', 1, 0.11587485515643, 0, 1),
('dorayaki', 'chiken katsu', 0, 0, 0, 1),
('dorayaki', 'chiken teriyaki', 0, 0, 0, 1),
('dorayaki', 'teh manis', 2, 0.23174971031286, 0, 1),
('dorayaki', 'thai tea', 0, 0, 0, 1),
('coklat', 'milk tea', 13, 1.5063731170336, 0, 1),
('coklat', 'es krim', 0, 0, 0, 1),
('coklat', 'squash', 8, 0.92699884125145, 0, 1),
('coklat', 'chiken katsu', 0, 0, 0, 1),
('coklat', 'chiken teriyaki', 0, 0, 0, 1),
('coklat', 'teh manis', 7, 0.81112398609502, 0, 1),
('coklat', 'thai tea', 3, 0.34762456546929, 0, 1),
('milk tea', 'es krim', 1, 0.11587485515643, 0, 1),
('milk tea', 'squash', 0, 0, 0, 1),
('milk tea', 'chiken katsu', 0, 0, 0, 1),
('milk tea', 'chiken teriyaki', 0, 0, 0, 1),
('milk tea', 'teh manis', 1, 0.11587485515643, 0, 1),
('milk tea', 'thai tea', 1, 0.11587485515643, 0, 1),
('es krim', 'squash', 2, 0.23174971031286, 0, 1),
('es krim', 'chiken katsu', 0, 0, 0, 1),
('es krim', 'chiken teriyaki', 0, 0, 0, 1),
('es krim', 'teh manis', 21, 2.4333719582851, 1, 1),
('es krim', 'thai tea', 1, 0.11587485515643, 0, 1),
('squash', 'chiken katsu', 6, 0.69524913093859, 0, 1),
('squash', 'chiken teriyaki', 5, 0.57937427578216, 0, 1),
('squash', 'teh manis', 5, 0.57937427578216, 0, 1),
('squash', 'thai tea', 0, 0, 0, 1),
('chiken katsu', 'chiken teriyaki', 0, 0, 0, 1),
('chiken katsu', 'teh manis', 15, 1.7381228273465, 1, 1),
('chiken katsu', 'thai tea', 1, 0.11587485515643, 0, 1),
('chiken teriyaki', 'teh manis', 0, 0, 0, 1),
('chiken teriyaki', 'thai tea', 0, 0, 0, 1),
('teh manis', 'thai tea', 0, 0, 0, 1);

-- --------------------------------------------------------

--
-- Table structure for table `tb_itemset3`
--

CREATE TABLE `tb_itemset3` (
  `atribut1` varchar(200) DEFAULT NULL,
  `atribut2` varchar(200) DEFAULT NULL,
  `atribut3` varchar(200) DEFAULT NULL,
  `jumlah` int(11) DEFAULT NULL,
  `support` double DEFAULT NULL,
  `lolos` tinyint(4) DEFAULT NULL,
  `id_process` int(11) NOT NULL DEFAULT '0'
) ENGINE=InnoDB DEFAULT CHARSET=latin1;

--
-- Dumping data for table `tb_itemset3`
--

INSERT INTO `tb_itemset3` (`atribut1`, `atribut2`, `atribut3`, `jumlah`, `support`, `lolos`, `id_process`) VALUES
('nasi goreng', 'mie pedoo', 'lemon tea', 8, 0.92699884125145, 0, 1),
('nasi goreng', 'mie pedoo', 'milkshake', 12, 1.3904982618772, 0, 1),
('nasi goreng', 'mie pedoo', 'jus', 12, 1.3904982618772, 0, 1),
('nasi goreng', 'mie pedoo', 'es krim', 0, 0, 0, 1),
('nasi goreng', 'mie pedoo', 'teh manis', 4, 0.46349942062572, 0, 1),
('nasi goreng', 'steak', 'mie pedoo', 0, 0, 0, 1),
('nasi goreng', 'steak', 'burger', 0, 0, 0, 1),
('nasi goreng', 'mie pedoo', 'burger', 0, 0, 0, 1),
('steak', 'mie pedoo', 'burger', 1, 0.11587485515643, 0, 1),
('nasi goreng', 'steak', 'kentang goreng', 0, 0, 0, 1),
('nasi goreng', 'mie pedoo', 'kentang goreng', 0, 0, 0, 1),
('steak', 'mie pedoo', 'kentang goreng', 0, 0, 0, 1),
('nasi goreng', 'steak', 'lemon tea', 0, 0, 0, 1),
('steak', 'mie pedoo', 'lemon tea', 0, 0, 0, 1),
('nasi goreng', 'steak', 'susu soda', 0, 0, 0, 1),
('nasi goreng', 'mie pedoo', 'susu soda', 8, 0.92699884125145, 0, 1),
('steak', 'mie pedoo', 'susu soda', 0, 0, 0, 1),
('nasi goreng', 'omelette', 'mie pedoo', 0, 0, 0, 1),
('nasi goreng', 'omelette', 'es jeruk', 0, 0, 0, 1),
('nasi goreng', 'mie pedoo', 'es jeruk', 0, 0, 0, 1),
('omelette', 'mie pedoo', 'es jeruk', 0, 0, 0, 1),
('nasi goreng', 'burger', 'kentang goreng', 0, 0, 0, 1),
('burger', 'mie pedoo', 'kentang goreng', 0, 0, 0, 1),
('nasi goreng', 'burger', 'jus', 0, 0, 0, 1),
('burger', 'mie pedoo', 'jus', 1, 0.11587485515643, 0, 1),
('nasi goreng', 'mie tektek', 'mie pedoo', 0, 0, 0, 1),
('nasi goreng', 'mie tektek', 'es jeruk', 0, 0, 0, 1),
('mie tektek', 'mie pedoo', 'es jeruk', 17, 1.9698725376593, 1, 1),
('nasi goreng', 'mie tektek', 'teh manis', 0, 0, 0, 1),
('mie tektek', 'mie pedoo', 'teh manis', 10, 1.1587485515643, 0, 1),
('nasi goreng', 'mie pedoo', 'mie kuah susu', 0, 0, 0, 1),
('nasi goreng', 'mie pedoo', 'pancake', 3, 0.34762456546929, 0, 1),
('nasi goreng', 'mie pedoo', 'roti bakar', 0, 0, 0, 1),
('nasi goreng', 'mie pedoo', 'puding', 3, 0.34762456546929, 0, 1),
('nasi goreng', 'mie pedoo', 'coklat', 0, 0, 0, 1),
('nasi goreng', 'ayam bakar', 'mie pedoo', 3, 0.34762456546929, 0, 1),
('nasi goreng', 'ayam bakar', 'pancake', 0, 0, 0, 1),
('ayam bakar', 'mie pedoo', 'pancake', 4, 0.46349942062572, 0, 1),
('nasi goreng', 'ayam bakar', 'milkshake', 7, 0.81112398609502, 0, 1),
('ayam bakar', 'mie pedoo', 'milkshake', 3, 0.34762456546929, 0, 1),
('nasi goreng', 'ayam bakar', 'puding', 3, 0.34762456546929, 0, 1),
('ayam bakar', 'mie pedoo', 'puding', 6, 0.69524913093859, 0, 1),
('nasi goreng', 'ayam bakar', 'jus', 6, 0.69524913093859, 0, 1),
('ayam bakar', 'mie pedoo', 'jus', 9, 1.0428736964079, 0, 1),
('nasi goreng', 'ayam bakar', 'teh manis', 11, 1.2746234067207, 0, 1),
('ayam bakar', 'mie pedoo', 'teh manis', 13, 1.5063731170336, 0, 1),
('nasi goreng', 'mie kuah susu', 'pancake', 0, 0, 0, 1),
('mie kuah susu', 'mie pedoo', 'pancake', 8, 0.92699884125145, 0, 1),
('nasi goreng', 'mie kuah susu', 'coklat', 0, 0, 0, 1),
('mie kuah susu', 'mie pedoo', 'coklat', 7, 0.81112398609502, 0, 1),
('nasi goreng', 'es jeruk', 'puding', 0, 0, 0, 1),
('es jeruk', 'mie pedoo', 'puding', 0, 0, 0, 1),
('nasi goreng', 'pancake', 'roti bakar', 0, 0, 0, 1),
('pancake', 'mie pedoo', 'roti bakar', 11, 1.2746234067207, 0, 1),
('nasi goreng', 'pancake', 'milkshake', 3, 0.34762456546929, 0, 1),
('pancake', 'mie pedoo', 'milkshake', 15, 1.7381228273465, 1, 1),
('nasi goreng', 'pancake', 'jus', 7, 0.81112398609502, 0, 1),
('pancake', 'mie pedoo', 'jus', 9, 1.0428736964079, 0, 1),
('nasi goreng', 'pancake', 'teh manis', 0, 0, 0, 1),
('pancake', 'mie pedoo', 'teh manis', 26, 3.0127462340672, 1, 1),
('nasi goreng', 'roti bakar', 'jus', 2, 0.23174971031286, 0, 1),
('roti bakar', 'mie pedoo', 'jus', 9, 1.0428736964079, 0, 1),
('nasi goreng', 'roti bakar', 'milk tea', 0, 0, 0, 1),
('nasi goreng', 'mie pedoo', 'milk tea', 0, 0, 0, 1),
('roti bakar', 'mie pedoo', 'milk tea', 0, 0, 0, 1),
('nasi goreng', 'roti bakar', 'teh manis', 4, 0.46349942062572, 0, 1),
('roti bakar', 'mie pedoo', 'teh manis', 13, 1.5063731170336, 0, 1),
('nasi goreng', 'kentang goreng', 'milkshake', 0, 0, 0, 1),
('kentang goreng', 'mie pedoo', 'milkshake', 0, 0, 0, 1),
('nasi goreng', 'kentang goreng', 'teh manis', 0, 0, 0, 1),
('kentang goreng', 'mie pedoo', 'teh manis', 0, 0, 0, 1),
('nasi goreng', 'sop buah', 'mie pedoo', 0, 0, 0, 1),
('nasi goreng', 'sop buah', 'teh manis', 14, 1.62224797219, 0, 1),
('sop buah', 'mie pedoo', 'teh manis', 0, 0, 0, 1),
('nasi goreng', 'milkshake', 'jus', 15, 1.7381228273465, 1, 1),
('milkshake', 'mie pedoo', 'jus', 13, 1.5063731170336, 0, 1),
('nasi goreng', 'milkshake', 'teh manis', 6, 0.69524913093859, 0, 1),
('milkshake', 'mie pedoo', 'teh manis', 13, 1.5063731170336, 0, 1),
('nasi goreng', 'puding', 'coklat', 0, 0, 0, 1),
('puding', 'mie pedoo', 'coklat', 5, 0.57937427578216, 0, 1),
('nasi goreng', 'puding', 'teh manis', 6, 0.69524913093859, 0, 1),
('puding', 'mie pedoo', 'teh manis', 9, 1.0428736964079, 0, 1),
('nasi goreng', 'jus', 'teh manis', 7, 0.81112398609502, 0, 1),
('jus', 'mie pedoo', 'teh manis', 19, 2.2016222479722, 1, 1),
('nasi goreng', 'es krim', 'teh manis', 18, 2.0857473928158, 1, 1),
('es krim', 'mie pedoo', 'teh manis', 0, 0, 0, 1),
('nasi goreng', 'chiken katsu', 'mie pedoo', 0, 0, 0, 1),
('nasi goreng', 'chiken katsu', 'teh manis', 0, 0, 0, 1),
('chiken katsu', 'mie pedoo', 'teh manis', 0, 0, 0, 1),
('nasi goreng', 'lemon tea', 'milkshake', 3, 0.34762456546929, 0, 1),
('nasi goreng', 'lemon tea', 'jus', 3, 0.34762456546929, 0, 1),
('nasi goreng', 'lemon tea', 'es krim', 0, 0, 0, 1),
('nasi goreng', 'lemon tea', 'teh manis', 0, 0, 0, 1),
('nasi goreng', 'lemon tea', 'burger', 0, 0, 0, 1),
('steak', 'lemon tea', 'burger', 0, 0, 0, 1),
('nasi goreng', 'lemon tea', 'kentang goreng', 0, 0, 0, 1),
('steak', 'lemon tea', 'kentang goreng', 5, 0.57937427578216, 0, 1),
('nasi goreng', 'lemon tea', 'susu soda', 8, 0.92699884125145, 0, 1),
('steak', 'lemon tea', 'susu soda', 0, 0, 0, 1),
('nasi goreng', 'omelette', 'lemon tea', 0, 0, 0, 1),
('nasi goreng', 'lemon tea', 'es jeruk', 0, 0, 0, 1),
('omelette', 'lemon tea', 'es jeruk', 0, 0, 0, 1),
('burger', 'lemon tea', 'kentang goreng', 0, 0, 0, 1),
('burger', 'lemon tea', 'jus', 0, 0, 0, 1),
('nasi goreng', 'mie tektek', 'lemon tea', 0, 0, 0, 1),
('mie tektek', 'lemon tea', 'mie pedoo', 0, 0, 0, 1),
('mie tektek', 'lemon tea', 'es jeruk', 0, 0, 0, 1),
('mie tektek', 'lemon tea', 'teh manis', 0, 0, 0, 1),
('nasi goreng', 'lemon tea', 'mie kuah susu', 0, 0, 0, 1),
('mie pedoo', 'lemon tea', 'mie kuah susu', 8, 0.92699884125145, 0, 1),
('mie pedoo', 'lemon tea', 'es jeruk', 0, 0, 0, 1),
('nasi goreng', 'lemon tea', 'pancake', 0, 0, 0, 1),
('mie pedoo', 'lemon tea', 'pancake', 0, 0, 0, 1),
('nasi goreng', 'lemon tea', 'roti bakar', 0, 0, 0, 1),
('mie pedoo', 'lemon tea', 'roti bakar', 0, 0, 0, 1),
('mie pedoo', 'lemon tea', 'milkshake', 0, 0, 0, 1),
('nasi goreng', 'lemon tea', 'puding', 0, 0, 0, 1),
('mie pedoo', 'lemon tea', 'puding', 0, 0, 0, 1),
('mie pedoo', 'lemon tea', 'jus', 0, 0, 0, 1),
('nasi goreng', 'lemon tea', 'coklat', 0, 0, 0, 1),
('mie pedoo', 'lemon tea', 'coklat', 0, 0, 0, 1),
('mie pedoo', 'lemon tea', 'teh manis', 0, 0, 0, 1),
('nasi goreng', 'ayam bakar', 'lemon tea', 0, 0, 0, 1),
('ayam bakar', 'lemon tea', 'pancake', 1, 0.11587485515643, 0, 1),
('ayam bakar', 'lemon tea', 'milkshake', 0, 0, 0, 1),
('ayam bakar', 'lemon tea', 'puding', 0, 0, 0, 1),
('ayam bakar', 'lemon tea', 'jus', 2, 0.23174971031286, 0, 1),
('ayam bakar', 'lemon tea', 'teh manis', 0, 0, 0, 1),
('mie kuah susu', 'lemon tea', 'pancake', 0, 0, 0, 1),
('mie kuah susu', 'lemon tea', 'coklat', 0, 0, 0, 1),
('es jeruk', 'lemon tea', 'puding', 0, 0, 0, 1),
('pancake', 'lemon tea', 'roti bakar', 0, 0, 0, 1),
('pancake', 'lemon tea', 'milkshake', 0, 0, 0, 1),
('pancake', 'lemon tea', 'jus', 0, 0, 0, 1),
('pancake', 'lemon tea', 'teh manis', 0, 0, 0, 1),
('roti bakar', 'lemon tea', 'jus', 0, 0, 0, 1),
('nasi goreng', 'lemon tea', 'milk tea', 0, 0, 0, 1),
('roti bakar', 'lemon tea', 'milk tea', 0, 0, 0, 1),
('roti bakar', 'lemon tea', 'teh manis', 0, 0, 0, 1),
('kentang goreng', 'lemon tea', 'milkshake', 0, 0, 0, 1),
('kentang goreng', 'lemon tea', 'teh manis', 0, 0, 0, 1),
('nasi goreng', 'sop buah', 'lemon tea', 0, 0, 0, 1),
('sop buah', 'lemon tea', 'teh manis', 0, 0, 0, 1),
('milkshake', 'lemon tea', 'jus', 3, 0.34762456546929, 0, 1),
('milkshake', 'lemon tea', 'teh manis', 0, 0, 0, 1),
('puding', 'lemon tea', 'coklat', 0, 0, 0, 1),
('puding', 'lemon tea', 'teh manis', 0, 0, 0, 1),
('jus', 'lemon tea', 'teh manis', 0, 0, 0, 1),
('es krim', 'lemon tea', 'teh manis', 0, 0, 0, 1),
('nasi goreng', 'chiken katsu', 'lemon tea', 0, 0, 0, 1),
('chiken katsu', 'lemon tea', 'teh manis', 0, 0, 0, 1),
('nasi goreng', 'milkshake', 'es krim', 0, 0, 0, 1),
('nasi goreng', 'steak', 'milkshake', 0, 0, 0, 1),
('nasi goreng', 'milkshake', 'burger', 0, 0, 0, 1),
('steak', 'milkshake', 'burger', 1, 0.11587485515643, 0, 1),
('steak', 'milkshake', 'kentang goreng', 7, 0.81112398609502, 0, 1),
('steak', 'milkshake', 'lemon tea', 0, 0, 0, 1),
('nasi goreng', 'milkshake', 'susu soda', 0, 0, 0, 1),
('steak', 'milkshake', 'susu soda', 0, 0, 0, 1),
('nasi goreng', 'omelette', 'milkshake', 0, 0, 0, 1),
('nasi goreng', 'milkshake', 'es jeruk', 0, 0, 0, 1),
('omelette', 'milkshake', 'es jeruk', 0, 0, 0, 1),
('burger', 'milkshake', 'kentang goreng', 7, 0.81112398609502, 0, 1),
('burger', 'milkshake', 'jus', 1, 0.11587485515643, 0, 1),
('nasi goreng', 'mie tektek', 'milkshake', 0, 0, 0, 1),
('mie tektek', 'milkshake', 'mie pedoo', 0, 0, 0, 1),
('mie tektek', 'milkshake', 'es jeruk', 0, 0, 0, 1),
('mie tektek', 'milkshake', 'teh manis', 1, 0.11587485515643, 0, 1),
('nasi goreng', 'milkshake', 'mie kuah susu', 0, 0, 0, 1),
('mie pedoo', 'milkshake', 'mie kuah susu', 0, 0, 0, 1),
('mie pedoo', 'milkshake', 'es jeruk', 0, 0, 0, 1),
('nasi goreng', 'milkshake', 'roti bakar', 0, 0, 0, 1),
('mie pedoo', 'milkshake', 'roti bakar', 6, 0.69524913093859, 0, 1),
('nasi goreng', 'milkshake', 'puding', 6, 0.69524913093859, 0, 1),
('mie pedoo', 'milkshake', 'puding', 5, 0.57937427578216, 0, 1),
('nasi goreng', 'milkshake', 'coklat', 1, 0.11587485515643, 0, 1),
('mie pedoo', 'milkshake', 'coklat', 1, 0.11587485515643, 0, 1),
('ayam bakar', 'milkshake', 'pancake', 5, 0.57937427578216, 0, 1),
('ayam bakar', 'milkshake', 'puding', 3, 0.34762456546929, 0, 1),
('ayam bakar', 'milkshake', 'jus', 4, 0.46349942062572, 0, 1),
('ayam bakar', 'milkshake', 'teh manis', 11, 1.2746234067207, 0, 1),
('mie kuah susu', 'milkshake', 'pancake', 0, 0, 0, 1),
('mie kuah susu', 'milkshake', 'coklat', 0, 0, 0, 1),
('es jeruk', 'milkshake', 'puding', 0, 0, 0, 1),
('pancake', 'milkshake', 'roti bakar', 8, 0.92699884125145, 0, 1),
('pancake', 'milkshake', 'jus', 6, 0.69524913093859, 0, 1),
('pancake', 'milkshake', 'teh manis', 15, 1.7381228273465, 1, 1),
('roti bakar', 'milkshake', 'jus', 0, 0, 0, 1),
('nasi goreng', 'milkshake', 'milk tea', 0, 0, 0, 1),
('roti bakar', 'milkshake', 'milk tea', 0, 0, 0, 1),
('roti bakar', 'milkshake', 'teh manis', 5, 0.57937427578216, 0, 1),
('kentang goreng', 'milkshake', 'teh manis', 0, 0, 0, 1),
('nasi goreng', 'sop buah', 'milkshake', 0, 0, 0, 1),
('sop buah', 'milkshake', 'teh manis', 0, 0, 0, 1),
('puding', 'milkshake', 'coklat', 1, 0.11587485515643, 0, 1),
('puding', 'milkshake', 'teh manis', 3, 0.34762456546929, 0, 1),
('jus', 'milkshake', 'teh manis', 3, 0.34762456546929, 0, 1),
('es krim', 'milkshake', 'teh manis', 0, 0, 0, 1),
('nasi goreng', 'chiken katsu', 'milkshake', 0, 0, 0, 1),
('chiken katsu', 'milkshake', 'teh manis', 0, 0, 0, 1),
('nasi goreng', 'jus', 'es krim', 0, 0, 0, 1),
('nasi goreng', 'steak', 'jus', 0, 0, 0, 1),
('steak', 'jus', 'burger', 1, 0.11587485515643, 0, 1),
('nasi goreng', 'jus', 'kentang goreng', 0, 0, 0, 1),
('steak', 'jus', 'kentang goreng', 4, 0.46349942062572, 0, 1),
('steak', 'jus', 'lemon tea', 0, 0, 0, 1),
('nasi goreng', 'jus', 'susu soda', 0, 0, 0, 1),
('steak', 'jus', 'susu soda', 0, 0, 0, 1),
('nasi goreng', 'omelette', 'jus', 0, 0, 0, 1),
('nasi goreng', 'jus', 'es jeruk', 0, 0, 0, 1),
('omelette', 'jus', 'es jeruk', 0, 0, 0, 1),
('burger', 'jus', 'kentang goreng', 0, 0, 0, 1),
('nasi goreng', 'mie tektek', 'jus', 0, 0, 0, 1),
('mie tektek', 'jus', 'mie pedoo', 1, 0.11587485515643, 0, 1),
('mie tektek', 'jus', 'es jeruk', 0, 0, 0, 1),
('mie tektek', 'jus', 'teh manis', 2, 0.23174971031286, 0, 1),
('nasi goreng', 'jus', 'mie kuah susu', 0, 0, 0, 1),
('mie pedoo', 'jus', 'mie kuah susu', 1, 0.11587485515643, 0, 1),
('mie pedoo', 'jus', 'es jeruk', 0, 0, 0, 1),
('nasi goreng', 'jus', 'puding', 4, 0.46349942062572, 0, 1),
('mie pedoo', 'jus', 'puding', 9, 1.0428736964079, 0, 1),
('nasi goreng', 'jus', 'coklat', 0, 0, 0, 1),
('mie pedoo', 'jus', 'coklat', 1, 0.11587485515643, 0, 1),
('ayam bakar', 'jus', 'pancake', 6, 0.69524913093859, 0, 1),
('ayam bakar', 'jus', 'puding', 6, 0.69524913093859, 0, 1),
('ayam bakar', 'jus', 'teh manis', 12, 1.3904982618772, 0, 1),
('mie kuah susu', 'jus', 'pancake', 0, 0, 0, 1),
('mie kuah susu', 'jus', 'coklat', 0, 0, 0, 1),
('es jeruk', 'jus', 'puding', 0, 0, 0, 1),
('pancake', 'jus', 'roti bakar', 3, 0.34762456546929, 0, 1),
('pancake', 'jus', 'teh manis', 0, 0, 0, 1),
('nasi goreng', 'jus', 'milk tea', 0, 0, 0, 1),
('roti bakar', 'jus', 'milk tea', 0, 0, 0, 1),
('roti bakar', 'jus', 'teh manis', 11, 1.2746234067207, 0, 1),
('kentang goreng', 'jus', 'milkshake', 0, 0, 0, 1),
('kentang goreng', 'jus', 'teh manis', 0, 0, 0, 1),
('nasi goreng', 'sop buah', 'jus', 1, 0.11587485515643, 0, 1),
('sop buah', 'jus', 'teh manis', 1, 0.11587485515643, 0, 1),
('puding', 'jus', 'coklat', 0, 0, 0, 1),
('puding', 'jus', 'teh manis', 6, 0.69524913093859, 0, 1),
('es krim', 'jus', 'teh manis', 0, 0, 0, 1),
('nasi goreng', 'chiken katsu', 'jus', 0, 0, 0, 1),
('chiken katsu', 'jus', 'teh manis', 0, 0, 0, 1),
('nasi goreng', 'steak', 'es krim', 0, 0, 0, 1),
('nasi goreng', 'es krim', 'burger', 0, 0, 0, 1),
('steak', 'es krim', 'burger', 0, 0, 0, 1),
('nasi goreng', 'es krim', 'kentang goreng', 0, 0, 0, 1),
('steak', 'es krim', 'kentang goreng', 0, 0, 0, 1),
('steak', 'es krim', 'lemon tea', 6, 0.69524913093859, 0, 1),
('nasi goreng', 'es krim', 'susu soda', 0, 0, 0, 1),
('steak', 'es krim', 'susu soda', 1, 0.11587485515643, 0, 1),
('nasi goreng', 'omelette', 'es krim', 0, 0, 0, 1),
('nasi goreng', 'es krim', 'es jeruk', 0, 0, 0, 1),
('omelette', 'es krim', 'es jeruk', 0, 0, 0, 1),
('burger', 'es krim', 'kentang goreng', 1, 0.11587485515643, 0, 1),
('burger', 'es krim', 'jus', 0, 0, 0, 1),
('nasi goreng', 'mie tektek', 'es krim', 0, 0, 0, 1),
('mie tektek', 'es krim', 'mie pedoo', 0, 0, 0, 1),
('mie tektek', 'es krim', 'es jeruk', 0, 0, 0, 1),
('mie tektek', 'es krim', 'teh manis', 0, 0, 0, 1),
('nasi goreng', 'es krim', 'mie kuah susu', 0, 0, 0, 1),
('mie pedoo', 'es krim', 'mie kuah susu', 0, 0, 0, 1),
('mie pedoo', 'es krim', 'es jeruk', 0, 0, 0, 1),
('nasi goreng', 'es krim', 'pancake', 0, 0, 0, 1),
('mie pedoo', 'es krim', 'pancake', 0, 0, 0, 1),
('nasi goreng', 'es krim', 'roti bakar', 0, 0, 0, 1),
('mie pedoo', 'es krim', 'roti bakar', 0, 0, 0, 1),
('mie pedoo', 'es krim', 'lemon tea', 0, 0, 0, 1),
('mie pedoo', 'es krim', 'milkshake', 0, 0, 0, 1),
('nasi goreng', 'es krim', 'puding', 0, 0, 0, 1),
('mie pedoo', 'es krim', 'puding', 0, 0, 0, 1),
('mie pedoo', 'es krim', 'jus', 0, 0, 0, 1),
('nasi goreng', 'es krim', 'coklat', 0, 0, 0, 1),
('mie pedoo', 'es krim', 'coklat', 0, 0, 0, 1),
('nasi goreng', 'ayam bakar', 'es krim', 0, 0, 0, 1),
('ayam bakar', 'es krim', 'pancake', 0, 0, 0, 1),
('ayam bakar', 'es krim', 'milkshake', 0, 0, 0, 1),
('ayam bakar', 'es krim', 'puding', 0, 0, 0, 1),
('ayam bakar', 'es krim', 'jus', 0, 0, 0, 1),
('ayam bakar', 'es krim', 'teh manis', 0, 0, 0, 1),
('mie kuah susu', 'es krim', 'pancake', 0, 0, 0, 1),
('mie kuah susu', 'es krim', 'coklat', 0, 0, 0, 1),
('es jeruk', 'es krim', 'puding', 0, 0, 0, 1),
('pancake', 'es krim', 'roti bakar', 0, 0, 0, 1),
('pancake', 'es krim', 'milkshake', 0, 0, 0, 1),
('pancake', 'es krim', 'jus', 0, 0, 0, 1),
('pancake', 'es krim', 'teh manis', 0, 0, 0, 1),
('roti bakar', 'es krim', 'jus', 0, 0, 0, 1),
('nasi goreng', 'es krim', 'milk tea', 0, 0, 0, 1),
('roti bakar', 'es krim', 'milk tea', 0, 0, 0, 1),
('roti bakar', 'es krim', 'teh manis', 0, 0, 0, 1),
('kentang goreng', 'es krim', 'milkshake', 0, 0, 0, 1),
('kentang goreng', 'es krim', 'teh manis', 0, 0, 0, 1),
('nasi goreng', 'sop buah', 'es krim', 0, 0, 0, 1),
('sop buah', 'es krim', 'teh manis', 0, 0, 0, 1),
('milkshake', 'es krim', 'jus', 0, 0, 0, 1),
('puding', 'es krim', 'coklat', 0, 0, 0, 1),
('puding', 'es krim', 'teh manis', 0, 0, 0, 1),
('nasi goreng', 'chiken katsu', 'es krim', 0, 0, 0, 1),
('chiken katsu', 'es krim', 'teh manis', 0, 0, 0, 1),
('nasi goreng', 'steak', 'teh manis', 0, 0, 0, 1),
('nasi goreng', 'teh manis', 'burger', 0, 0, 0, 1),
('steak', 'teh manis', 'burger', 0, 0, 0, 1),
('steak', 'teh manis', 'kentang goreng', 2, 0.23174971031286, 0, 1),
('steak', 'teh manis', 'lemon tea', 0, 0, 0, 1),
('nasi goreng', 'teh manis', 'susu soda', 0, 0, 0, 1),
('steak', 'teh manis', 'susu soda', 0, 0, 0, 1),
('nasi goreng', 'omelette', 'teh manis', 0, 0, 0, 1),
('nasi goreng', 'teh manis', 'es jeruk', 0, 0, 0, 1),
('omelette', 'teh manis', 'es jeruk', 0, 0, 0, 1),
('burger', 'teh manis', 'kentang goreng', 0, 0, 0, 1),
('burger', 'teh manis', 'jus', 8, 0.92699884125145, 0, 1),
('mie tektek', 'teh manis', 'es jeruk', 9, 1.0428736964079, 0, 1),
('nasi goreng', 'teh manis', 'mie kuah susu', 0, 0, 0, 1),
('mie pedoo', 'teh manis', 'mie kuah susu', 1, 0.11587485515643, 0, 1),
('mie pedoo', 'teh manis', 'es jeruk', 9, 1.0428736964079, 0, 1),
('nasi goreng', 'teh manis', 'coklat', 0, 0, 0, 1),
('mie pedoo', 'teh manis', 'coklat', 0, 0, 0, 1),
('ayam bakar', 'teh manis', 'pancake', 13, 1.5063731170336, 0, 1),
('ayam bakar', 'teh manis', 'puding', 16, 1.8539976825029, 1, 1),
('mie kuah susu', 'teh manis', 'pancake', 0, 0, 0, 1),
('mie kuah susu', 'teh manis', 'coklat', 7, 0.81112398609502, 0, 1),
('es jeruk', 'teh manis', 'puding', 0, 0, 0, 1),
('pancake', 'teh manis', 'roti bakar', 6, 0.69524913093859, 0, 1),
('nasi goreng', 'teh manis', 'milk tea', 0, 0, 0, 1),
('roti bakar', 'teh manis', 'milk tea', 0, 0, 0, 1),
('puding', 'teh manis', 'coklat', 0, 0, 0, 1),
('steak', 'burger', 'kentang goreng', 0, 0, 0, 1),
('steak', 'burger', 'susu soda', 4, 0.46349942062572, 0, 1),
('steak', 'omelette', 'burger', 0, 0, 0, 1),
('steak', 'omelette', 'es jeruk', 0, 0, 0, 1),
('steak', 'burger', 'es jeruk', 0, 0, 0, 1),
('omelette', 'burger', 'es jeruk', 0, 0, 0, 1),
('steak', 'mie tektek', 'burger', 0, 0, 0, 1),
('steak', 'mie tektek', 'mie pedoo', 0, 0, 0, 1),
('mie tektek', 'burger', 'mie pedoo', 0, 0, 0, 1),
('steak', 'mie tektek', 'es jeruk', 0, 0, 0, 1),
('mie tektek', 'burger', 'es jeruk', 0, 0, 0, 1),
('steak', 'mie tektek', 'teh manis', 0, 0, 0, 1),
('mie tektek', 'burger', 'teh manis', 0, 0, 0, 1),
('steak', 'mie pedoo', 'mie kuah susu', 0, 0, 0, 1),
('steak', 'burger', 'mie kuah susu', 0, 0, 0, 1),
('mie pedoo', 'burger', 'mie kuah susu', 0, 0, 0, 1),
('steak', 'mie pedoo', 'es jeruk', 0, 0, 0, 1),
('mie pedoo', 'burger', 'es jeruk', 0, 0, 0, 1),
('steak', 'mie pedoo', 'pancake', 0, 0, 0, 1),
('steak', 'burger', 'pancake', 0, 0, 0, 1),
('mie pedoo', 'burger', 'pancake', 0, 0, 0, 1),
('steak', 'mie pedoo', 'roti bakar', 0, 0, 0, 1),
('steak', 'burger', 'roti bakar', 0, 0, 0, 1),
('mie pedoo', 'burger', 'roti bakar', 0, 0, 0, 1),
('mie pedoo', 'burger', 'lemon tea', 0, 0, 0, 1),
('steak', 'mie pedoo', 'milkshake', 1, 0.11587485515643, 0, 1),
('mie pedoo', 'burger', 'milkshake', 1, 0.11587485515643, 0, 1),
('steak', 'mie pedoo', 'puding', 0, 0, 0, 1),
('steak', 'burger', 'puding', 0, 0, 0, 1),
('mie pedoo', 'burger', 'puding', 0, 0, 0, 1),
('steak', 'mie pedoo', 'jus', 1, 0.11587485515643, 0, 1),
('steak', 'mie pedoo', 'coklat', 1, 0.11587485515643, 0, 1),
('steak', 'burger', 'coklat', 8, 0.92699884125145, 0, 1),
('mie pedoo', 'burger', 'coklat', 1, 0.11587485515643, 0, 1),
('steak', 'mie pedoo', 'teh manis', 0, 0, 0, 1),
('mie pedoo', 'burger', 'teh manis', 0, 0, 0, 1),
('steak', 'ayam bakar', 'burger', 0, 0, 0, 1),
('steak', 'ayam bakar', 'pancake', 0, 0, 0, 1),
('ayam bakar', 'burger', 'pancake', 0, 0, 0, 1),
('steak', 'ayam bakar', 'milkshake', 0, 0, 0, 1),
('ayam bakar', 'burger', 'milkshake', 0, 0, 0, 1),
('steak', 'ayam bakar', 'puding', 0, 0, 0, 1),
('ayam bakar', 'burger', 'puding', 0, 0, 0, 1),
('steak', 'ayam bakar', 'jus', 0, 0, 0, 1),
('ayam bakar', 'burger', 'jus', 0, 0, 0, 1),
('steak', 'ayam bakar', 'teh manis', 0, 0, 0, 1),
('ayam bakar', 'burger', 'teh manis', 0, 0, 0, 1),
('steak', 'mie kuah susu', 'pancake', 0, 0, 0, 1),
('mie kuah susu', 'burger', 'pancake', 0, 0, 0, 1),
('steak', 'mie kuah susu', 'coklat', 0, 0, 0, 1),
('mie kuah susu', 'burger', 'coklat', 0, 0, 0, 1),
('steak', 'es jeruk', 'puding', 0, 0, 0, 1),
('es jeruk', 'burger', 'puding', 0, 0, 0, 1),
('steak', 'pancake', 'roti bakar', 0, 0, 0, 1),
('pancake', 'burger', 'roti bakar', 0, 0, 0, 1),
('steak', 'pancake', 'milkshake', 0, 0, 0, 1),
('pancake', 'burger', 'milkshake', 0, 0, 0, 1),
('steak', 'pancake', 'jus', 0, 0, 0, 1),
('pancake', 'burger', 'jus', 1, 0.11587485515643, 0, 1),
('steak', 'pancake', 'teh manis', 0, 0, 0, 1),
('pancake', 'burger', 'teh manis', 0, 0, 0, 1),
('steak', 'roti bakar', 'jus', 0, 0, 0, 1),
('roti bakar', 'burger', 'jus', 5, 0.57937427578216, 0, 1),
('steak', 'roti bakar', 'milk tea', 0, 0, 0, 1),
('steak', 'burger', 'milk tea', 8, 0.92699884125145, 0, 1),
('roti bakar', 'burger', 'milk tea', 0, 0, 0, 1),
('steak', 'roti bakar', 'teh manis', 0, 0, 0, 1),
('roti bakar', 'burger', 'teh manis', 5, 0.57937427578216, 0, 1),
('steak', 'sop buah', 'burger', 8, 0.92699884125145, 0, 1),
('steak', 'sop buah', 'teh manis', 0, 0, 0, 1),
('sop buah', 'burger', 'teh manis', 0, 0, 0, 1),
('steak', 'milkshake', 'jus', 1, 0.11587485515643, 0, 1),
('steak', 'milkshake', 'teh manis', 0, 0, 0, 1),
('milkshake', 'burger', 'teh manis', 0, 0, 0, 1),
('steak', 'puding', 'coklat', 0, 0, 0, 1),
('puding', 'burger', 'coklat', 0, 0, 0, 1),
('steak', 'puding', 'teh manis', 0, 0, 0, 1),
('puding', 'burger', 'teh manis', 0, 0, 0, 1),
('steak', 'jus', 'teh manis', 0, 0, 0, 1),
('steak', 'es krim', 'teh manis', 0, 0, 0, 1),
('es krim', 'burger', 'teh manis', 0, 0, 0, 1),
('steak', 'chiken katsu', 'burger', 0, 0, 0, 1),
('steak', 'chiken katsu', 'teh manis', 0, 0, 0, 1),
('chiken katsu', 'burger', 'teh manis', 0, 0, 0, 1),
('steak', 'kentang goreng', 'susu soda', 0, 0, 0, 1),
('steak', 'omelette', 'kentang goreng', 0, 0, 0, 1),
('steak', 'kentang goreng', 'es jeruk', 0, 0, 0, 1),
('omelette', 'kentang goreng', 'es jeruk', 0, 0, 0, 1),
('steak', 'mie tektek', 'kentang goreng', 0, 0, 0, 1),
('mie tektek', 'kentang goreng', 'mie pedoo', 0, 0, 0, 1),
('mie tektek', 'kentang goreng', 'es jeruk', 0, 0, 0, 1),
('mie tektek', 'kentang goreng', 'teh manis', 0, 0, 0, 1),
('steak', 'kentang goreng', 'mie kuah susu', 0, 0, 0, 1),
('mie pedoo', 'kentang goreng', 'mie kuah susu', 0, 0, 0, 1),
('mie pedoo', 'kentang goreng', 'es jeruk', 0, 0, 0, 1),
('steak', 'kentang goreng', 'pancake', 0, 0, 0, 1),
('mie pedoo', 'kentang goreng', 'pancake', 0, 0, 0, 1),
('steak', 'kentang goreng', 'roti bakar', 0, 0, 0, 1),
('mie pedoo', 'kentang goreng', 'roti bakar', 0, 0, 0, 1),
('mie pedoo', 'kentang goreng', 'lemon tea', 0, 0, 0, 1),
('steak', 'kentang goreng', 'puding', 0, 0, 0, 1),
('mie pedoo', 'kentang goreng', 'puding', 0, 0, 0, 1),
('mie pedoo', 'kentang goreng', 'jus', 0, 0, 0, 1),
('steak', 'kentang goreng', 'coklat', 0, 0, 0, 1),
('mie pedoo', 'kentang goreng', 'coklat', 0, 0, 0, 1),
('steak', 'ayam bakar', 'kentang goreng', 0, 0, 0, 1),
('ayam bakar', 'kentang goreng', 'pancake', 0, 0, 0, 1),
('ayam bakar', 'kentang goreng', 'milkshake', 1, 0.11587485515643, 0, 1),
('ayam bakar', 'kentang goreng', 'puding', 0, 0, 0, 1),
('ayam bakar', 'kentang goreng', 'jus', 0, 0, 0, 1),
('ayam bakar', 'kentang goreng', 'teh manis', 0, 0, 0, 1),
('mie kuah susu', 'kentang goreng', 'pancake', 0, 0, 0, 1),
('mie kuah susu', 'kentang goreng', 'coklat', 0, 0, 0, 1),
('es jeruk', 'kentang goreng', 'puding', 0, 0, 0, 1),
('pancake', 'kentang goreng', 'roti bakar', 0, 0, 0, 1),
('pancake', 'kentang goreng', 'milkshake', 0, 0, 0, 1),
('pancake', 'kentang goreng', 'jus', 0, 0, 0, 1),
('pancake', 'kentang goreng', 'teh manis', 0, 0, 0, 1),
('roti bakar', 'kentang goreng', 'jus', 0, 0, 0, 1),
('steak', 'kentang goreng', 'milk tea', 0, 0, 0, 1),
('roti bakar', 'kentang goreng', 'milk tea', 0, 0, 0, 1),
('roti bakar', 'kentang goreng', 'teh manis', 0, 0, 0, 1),
('steak', 'sop buah', 'kentang goreng', 0, 0, 0, 1),
('sop buah', 'kentang goreng', 'teh manis', 2, 0.23174971031286, 0, 1),
('puding', 'kentang goreng', 'coklat', 3, 0.34762456546929, 0, 1),
('puding', 'kentang goreng', 'teh manis', 0, 0, 0, 1),
('steak', 'chiken katsu', 'kentang goreng', 0, 0, 0, 1),
('chiken katsu', 'kentang goreng', 'teh manis', 0, 0, 0, 1),
('steak', 'omelette', 'lemon tea', 0, 0, 0, 1),
('steak', 'lemon tea', 'es jeruk', 0, 0, 0, 1),
('steak', 'mie tektek', 'lemon tea', 0, 0, 0, 1),
('steak', 'lemon tea', 'mie kuah susu', 0, 0, 0, 1),
('steak', 'lemon tea', 'pancake', 0, 0, 0, 1),
('steak', 'lemon tea', 'roti bakar', 0, 0, 0, 1),
('steak', 'lemon tea', 'puding', 1, 0.11587485515643, 0, 1),
('steak', 'lemon tea', 'coklat', 0, 0, 0, 1),
('steak', 'ayam bakar', 'lemon tea', 0, 0, 0, 1),
('steak', 'lemon tea', 'milk tea', 0, 0, 0, 1),
('steak', 'sop buah', 'lemon tea', 0, 0, 0, 1),
('steak', 'chiken katsu', 'lemon tea', 0, 0, 0, 1),
('steak', 'omelette', 'susu soda', 0, 0, 0, 1),
('steak', 'susu soda', 'es jeruk', 0, 0, 0, 1),
('omelette', 'susu soda', 'es jeruk', 0, 0, 0, 1),
('burger', 'susu soda', 'kentang goreng', 0, 0, 0, 1),
('burger', 'susu soda', 'jus', 0, 0, 0, 1),
('steak', 'mie tektek', 'susu soda', 0, 0, 0, 1),
('mie tektek', 'susu soda', 'mie pedoo', 0, 0, 0, 1),
('mie tektek', 'susu soda', 'es jeruk', 0, 0, 0, 1),
('mie tektek', 'susu soda', 'teh manis', 0, 0, 0, 1),
('steak', 'susu soda', 'mie kuah susu', 0, 0, 0, 1),
('mie pedoo', 'susu soda', 'mie kuah susu', 1, 0.11587485515643, 0, 1),
('mie pedoo', 'susu soda', 'es jeruk', 0, 0, 0, 1),
('steak', 'susu soda', 'pancake', 0, 0, 0, 1),
('mie pedoo', 'susu soda', 'pancake', 1, 0.11587485515643, 0, 1),
('steak', 'susu soda', 'roti bakar', 0, 0, 0, 1),
('mie pedoo', 'susu soda', 'roti bakar', 0, 0, 0, 1),
('mie pedoo', 'susu soda', 'lemon tea', 8, 0.92699884125145, 0, 1),
('mie pedoo', 'susu soda', 'milkshake', 0, 0, 0, 1),
('steak', 'susu soda', 'puding', 13, 1.5063731170336, 0, 1),
('mie pedoo', 'susu soda', 'puding', 0, 0, 0, 1),
('mie pedoo', 'susu soda', 'jus', 0, 0, 0, 1),
('steak', 'susu soda', 'coklat', 4, 0.46349942062572, 0, 1),
('mie pedoo', 'susu soda', 'coklat', 0, 0, 0, 1),
('mie pedoo', 'susu soda', 'teh manis', 0, 0, 0, 1),
('steak', 'ayam bakar', 'susu soda', 0, 0, 0, 1),
('ayam bakar', 'susu soda', 'pancake', 0, 0, 0, 1),
('ayam bakar', 'susu soda', 'milkshake', 0, 0, 0, 1),
('ayam bakar', 'susu soda', 'puding', 0, 0, 0, 1),
('ayam bakar', 'susu soda', 'jus', 0, 0, 0, 1),
('ayam bakar', 'susu soda', 'teh manis', 0, 0, 0, 1),
('mie kuah susu', 'susu soda', 'pancake', 1, 0.11587485515643, 0, 1),
('mie kuah susu', 'susu soda', 'coklat', 0, 0, 0, 1),
('es jeruk', 'susu soda', 'puding', 0, 0, 0, 1),
('pancake', 'susu soda', 'roti bakar', 0, 0, 0, 1),
('pancake', 'susu soda', 'milkshake', 0, 0, 0, 1),
('pancake', 'susu soda', 'jus', 0, 0, 0, 1),
('pancake', 'susu soda', 'teh manis', 0, 0, 0, 1),
('roti bakar', 'susu soda', 'jus', 0, 0, 0, 1),
('steak', 'susu soda', 'milk tea', 0, 0, 0, 1),
('roti bakar', 'susu soda', 'milk tea', 0, 0, 0, 1),
('roti bakar', 'susu soda', 'teh manis', 0, 0, 0, 1),
('kentang goreng', 'susu soda', 'milkshake', 0, 0, 0, 1),
('kentang goreng', 'susu soda', 'teh manis', 0, 0, 0, 1),
('steak', 'sop buah', 'susu soda', 0, 0, 0, 1),
('sop buah', 'susu soda', 'teh manis', 0, 0, 0, 1),
('milkshake', 'susu soda', 'jus', 0, 0, 0, 1),
('milkshake', 'susu soda', 'teh manis', 0, 0, 0, 1),
('puding', 'susu soda', 'coklat', 0, 0, 0, 1),
('puding', 'susu soda', 'teh manis', 0, 0, 0, 1),
('jus', 'susu soda', 'teh manis', 0, 0, 0, 1),
('es krim', 'susu soda', 'teh manis', 0, 0, 0, 1),
('steak', 'chiken katsu', 'susu soda', 0, 0, 0, 1),
('chiken katsu', 'susu soda', 'teh manis', 0, 0, 0, 1),
('omelette', 'burger', 'kentang goreng', 0, 0, 0, 1),
('burger', 'es jeruk', 'kentang goreng', 10, 1.1587485515643, 0, 1),
('omelette', 'burger', 'jus', 3, 0.34762456546929, 0, 1),
('burger', 'es jeruk', 'jus', 0, 0, 0, 1),
('omelette', 'mie tektek', 'es jeruk', 0, 0, 0, 1),
('omelette', 'mie tektek', 'mie pedoo', 0, 0, 0, 1),
('omelette', 'mie tektek', 'teh manis', 0, 0, 0, 1),
('omelette', 'mie pedoo', 'mie kuah susu', 0, 0, 0, 1),
('omelette', 'es jeruk', 'mie kuah susu', 0, 0, 0, 1),
('mie pedoo', 'es jeruk', 'mie kuah susu', 0, 0, 0, 1),
('omelette', 'mie pedoo', 'pancake', 0, 0, 0, 1),
('omelette', 'es jeruk', 'pancake', 0, 0, 0, 1),
('mie pedoo', 'es jeruk', 'pancake', 0, 0, 0, 1),
('omelette', 'mie pedoo', 'roti bakar', 0, 0, 0, 1),
('omelette', 'es jeruk', 'roti bakar', 0, 0, 0, 1),
('mie pedoo', 'es jeruk', 'roti bakar', 0, 0, 0, 1),
('omelette', 'mie pedoo', 'lemon tea', 0, 0, 0, 1),
('omelette', 'mie pedoo', 'milkshake', 1, 0.11587485515643, 0, 1),
('omelette', 'mie pedoo', 'puding', 0, 0, 0, 1),
('omelette', 'es jeruk', 'puding', 14, 1.62224797219, 0, 1),
('omelette', 'mie pedoo', 'jus', 3, 0.34762456546929, 0, 1),
('omelette', 'mie pedoo', 'coklat', 0, 0, 0, 1),
('omelette', 'es jeruk', 'coklat', 0, 0, 0, 1),
('mie pedoo', 'es jeruk', 'coklat', 8, 0.92699884125145, 0, 1),
('omelette', 'mie pedoo', 'teh manis', 3, 0.34762456546929, 0, 1),
('omelette', 'ayam bakar', 'es jeruk', 0, 0, 0, 1),
('omelette', 'ayam bakar', 'pancake', 0, 0, 0, 1),
('ayam bakar', 'es jeruk', 'pancake', 0, 0, 0, 1),
('omelette', 'ayam bakar', 'milkshake', 0, 0, 0, 1),
('ayam bakar', 'es jeruk', 'milkshake', 0, 0, 0, 1),
('omelette', 'ayam bakar', 'puding', 0, 0, 0, 1),
('ayam bakar', 'es jeruk', 'puding', 3, 0.34762456546929, 0, 1),
('omelette', 'ayam bakar', 'jus', 0, 0, 0, 1),
('ayam bakar', 'es jeruk', 'jus', 2, 0.23174971031286, 0, 1),
('omelette', 'ayam bakar', 'teh manis', 0, 0, 0, 1),
('ayam bakar', 'es jeruk', 'teh manis', 0, 0, 0, 1),
('omelette', 'mie kuah susu', 'pancake', 0, 0, 0, 1),
('mie kuah susu', 'es jeruk', 'pancake', 0, 0, 0, 1),
('omelette', 'mie kuah susu', 'coklat', 0, 0, 0, 1),
('mie kuah susu', 'es jeruk', 'coklat', 0, 0, 0, 1),
('omelette', 'pancake', 'roti bakar', 0, 0, 0, 1),
('pancake', 'es jeruk', 'roti bakar', 0, 0, 0, 1),
('omelette', 'pancake', 'milkshake', 0, 0, 0, 1),
('pancake', 'es jeruk', 'milkshake', 0, 0, 0, 1),
('omelette', 'pancake', 'jus', 0, 0, 0, 1),
('pancake', 'es jeruk', 'jus', 0, 0, 0, 1),
('omelette', 'pancake', 'teh manis', 0, 0, 0, 1),
('pancake', 'es jeruk', 'teh manis', 0, 0, 0, 1),
('omelette', 'roti bakar', 'jus', 0, 0, 0, 1),
('roti bakar', 'es jeruk', 'jus', 0, 0, 0, 1),
('omelette', 'roti bakar', 'milk tea', 0, 0, 0, 1),
('omelette', 'es jeruk', 'milk tea', 0, 0, 0, 1),
('roti bakar', 'es jeruk', 'milk tea', 0, 0, 0, 1),
('omelette', 'roti bakar', 'teh manis', 0, 0, 0, 1),
('roti bakar', 'es jeruk', 'teh manis', 0, 0, 0, 1),
('omelette', 'kentang goreng', 'milkshake', 0, 0, 0, 1),
('kentang goreng', 'es jeruk', 'milkshake', 0, 0, 0, 1),
('omelette', 'kentang goreng', 'teh manis', 7, 0.81112398609502, 0, 1),
('kentang goreng', 'es jeruk', 'teh manis', 0, 0, 0, 1),
('omelette', 'sop buah', 'es jeruk', 0, 0, 0, 1),
('omelette', 'sop buah', 'teh manis', 0, 0, 0, 1),
('sop buah', 'es jeruk', 'teh manis', 0, 0, 0, 1),
('omelette', 'milkshake', 'jus', 0, 0, 0, 1),
('milkshake', 'es jeruk', 'jus', 0, 0, 0, 1),
('omelette', 'milkshake', 'teh manis', 0, 0, 0, 1),
('milkshake', 'es jeruk', 'teh manis', 0, 0, 0, 1),
('omelette', 'puding', 'coklat', 0, 0, 0, 1),
('puding', 'es jeruk', 'coklat', 0, 0, 0, 1),
('omelette', 'puding', 'teh manis', 0, 0, 0, 1),
('omelette', 'jus', 'teh manis', 6, 0.69524913093859, 0, 1),
('jus', 'es jeruk', 'teh manis', 0, 0, 0, 1),
('omelette', 'es krim', 'teh manis', 1, 0.11587485515643, 0, 1),
('es krim', 'es jeruk', 'teh manis', 0, 0, 0, 1),
('omelette', 'chiken katsu', 'es jeruk', 0, 0, 0, 1),
('omelette', 'chiken katsu', 'teh manis', 0, 0, 0, 1),
('chiken katsu', 'es jeruk', 'teh manis', 0, 0, 0, 1),
('burger', 'mie tektek', 'kentang goreng', 0, 0, 0, 1),
('burger', 'kentang goreng', 'mie kuah susu', 0, 0, 0, 1),
('burger', 'kentang goreng', 'pancake', 0, 0, 0, 1),
('burger', 'kentang goreng', 'roti bakar', 0, 0, 0, 1),
('burger', 'kentang goreng', 'puding', 0, 0, 0, 1),
('burger', 'kentang goreng', 'coklat', 0, 0, 0, 1),
('burger', 'ayam bakar', 'kentang goreng', 0, 0, 0, 1),
('burger', 'kentang goreng', 'milk tea', 2, 0.23174971031286, 0, 1),
('burger', 'sop buah', 'kentang goreng', 0, 0, 0, 1),
('burger', 'chiken katsu', 'kentang goreng', 0, 0, 0, 1),
('burger', 'mie tektek', 'jus', 0, 0, 0, 1),
('burger', 'jus', 'mie kuah susu', 5, 0.57937427578216, 0, 1),
('burger', 'jus', 'puding', 1, 0.11587485515643, 0, 1),
('burger', 'jus', 'coklat', 1, 0.11587485515643, 0, 1),
('burger', 'jus', 'milk tea', 0, 0, 0, 1),
('burger', 'sop buah', 'jus', 0, 0, 0, 1),
('burger', 'chiken katsu', 'jus', 0, 0, 0, 1),
('mie tektek', 'mie pedoo', 'mie kuah susu', 3, 0.34762456546929, 0, 1),
('mie tektek', 'mie pedoo', 'pancake', 0, 0, 0, 1),
('mie tektek', 'mie pedoo', 'roti bakar', 0, 0, 0, 1),
('mie tektek', 'mie pedoo', 'puding', 0, 0, 0, 1),
('mie tektek', 'mie pedoo', 'coklat', 8, 0.92699884125145, 0, 1),
('mie tektek', 'ayam bakar', 'mie pedoo', 0, 0, 0, 1),
('mie tektek', 'ayam bakar', 'pancake', 0, 0, 0, 1),
('mie tektek', 'ayam bakar', 'milkshake', 0, 0, 0, 1),
('mie tektek', 'ayam bakar', 'puding', 0, 0, 0, 1),
('mie tektek', 'ayam bakar', 'jus', 0, 0, 0, 1),
('mie tektek', 'ayam bakar', 'teh manis', 0, 0, 0, 1),
('mie tektek', 'mie kuah susu', 'pancake', 0, 0, 0, 1),
('mie tektek', 'mie kuah susu', 'coklat', 0, 0, 0, 1),
('mie tektek', 'es jeruk', 'puding', 0, 0, 0, 1),
('mie tektek', 'pancake', 'roti bakar', 0, 0, 0, 1),
('mie tektek', 'pancake', 'milkshake', 0, 0, 0, 1),
('mie tektek', 'pancake', 'jus', 1, 0.11587485515643, 0, 1),
('mie tektek', 'pancake', 'teh manis', 0, 0, 0, 1),
('mie tektek', 'roti bakar', 'jus', 1, 0.11587485515643, 0, 1),
('mie tektek', 'roti bakar', 'milk tea', 0, 0, 0, 1),
('mie tektek', 'mie pedoo', 'milk tea', 1, 0.11587485515643, 0, 1),
('mie tektek', 'roti bakar', 'teh manis', 1, 0.11587485515643, 0, 1),
('mie tektek', 'kentang goreng', 'milkshake', 0, 0, 0, 1),
('mie tektek', 'sop buah', 'mie pedoo', 2, 0.23174971031286, 0, 1),
('mie tektek', 'sop buah', 'teh manis', 0, 0, 0, 1),
('mie tektek', 'milkshake', 'jus', 0, 0, 0, 1),
('mie tektek', 'puding', 'coklat', 0, 0, 0, 1),
('mie tektek', 'puding', 'teh manis', 0, 0, 0, 1),
('mie tektek', 'chiken katsu', 'mie pedoo', 0, 0, 0, 1),
('mie tektek', 'chiken katsu', 'teh manis', 0, 0, 0, 1),
('mie tektek', 'es jeruk', 'mie kuah susu', 0, 0, 0, 1),
('mie tektek', 'es jeruk', 'pancake', 0, 0, 0, 1),
('mie tektek', 'es jeruk', 'roti bakar', 0, 0, 0, 1),
('mie tektek', 'es jeruk', 'coklat', 8, 0.92699884125145, 0, 1),
('mie tektek', 'ayam bakar', 'es jeruk', 0, 0, 0, 1),
('mie tektek', 'es jeruk', 'milk tea', 0, 0, 0, 1),
('mie tektek', 'sop buah', 'es jeruk', 0, 0, 0, 1),
('mie tektek', 'chiken katsu', 'es jeruk', 0, 0, 0, 1),
('mie tektek', 'teh manis', 'mie kuah susu', 1, 0.11587485515643, 0, 1),
('mie tektek', 'teh manis', 'coklat', 0, 0, 0, 1),
('mie tektek', 'teh manis', 'milk tea', 1, 0.11587485515643, 0, 1),
('mie pedoo', 'mie kuah susu', 'roti bakar', 0, 0, 0, 1),
('mie pedoo', 'mie kuah susu', 'puding', 0, 0, 0, 1),
('mie pedoo', 'ayam bakar', 'mie kuah susu', 0, 0, 0, 1),
('ayam bakar', 'mie kuah susu', 'pancake', 0, 0, 0, 1),
('ayam bakar', 'mie kuah susu', 'milkshake', 0, 0, 0, 1),
('ayam bakar', 'mie kuah susu', 'puding', 0, 0, 0, 1),
('ayam bakar', 'mie kuah susu', 'jus', 0, 0, 0, 1),
('ayam bakar', 'mie kuah susu', 'teh manis', 0, 0, 0, 1),
('es jeruk', 'mie kuah susu', 'puding', 0, 0, 0, 1),
('pancake', 'mie kuah susu', 'roti bakar', 0, 0, 0, 1),
('roti bakar', 'mie kuah susu', 'jus', 5, 0.57937427578216, 0, 1),
('mie pedoo', 'mie kuah susu', 'milk tea', 9, 1.0428736964079, 0, 1),
('roti bakar', 'mie kuah susu', 'milk tea', 0, 0, 0, 1),
('roti bakar', 'mie kuah susu', 'teh manis', 5, 0.57937427578216, 0, 1),
('kentang goreng', 'mie kuah susu', 'milkshake', 0, 0, 0, 1),
('kentang goreng', 'mie kuah susu', 'teh manis', 0, 0, 0, 1),
('mie pedoo', 'sop buah', 'mie kuah susu', 2, 0.23174971031286, 0, 1),
('sop buah', 'mie kuah susu', 'teh manis', 0, 0, 0, 1),
('milkshake', 'mie kuah susu', 'jus', 0, 0, 0, 1),
('milkshake', 'mie kuah susu', 'teh manis', 0, 0, 0, 1),
('puding', 'mie kuah susu', 'coklat', 0, 0, 0, 1),
('puding', 'mie kuah susu', 'teh manis', 0, 0, 0, 1),
('jus', 'mie kuah susu', 'teh manis', 6, 0.69524913093859, 0, 1),
('es krim', 'mie kuah susu', 'teh manis', 0, 0, 0, 1),
('mie pedoo', 'chiken katsu', 'mie kuah susu', 0, 0, 0, 1),
('chiken katsu', 'mie kuah susu', 'teh manis', 0, 0, 0, 1),
('mie pedoo', 'ayam bakar', 'es jeruk', 0, 0, 0, 1),
('mie pedoo', 'es jeruk', 'milk tea', 0, 0, 0, 1),
('mie pedoo', 'sop buah', 'es jeruk', 0, 0, 0, 1),
('mie pedoo', 'chiken katsu', 'es jeruk', 0, 0, 0, 1),
('mie pedoo', 'pancake', 'puding', 0, 0, 0, 1),
('mie pedoo', 'pancake', 'coklat', 7, 0.81112398609502, 0, 1),
('ayam bakar', 'pancake', 'puding', 0, 0, 0, 1),
('mie kuah susu', 'pancake', 'coklat', 8, 0.92699884125145, 0, 1),
('es jeruk', 'pancake', 'puding', 0, 0, 0, 1),
('mie pedoo', 'pancake', 'milk tea', 8, 0.92699884125145, 0, 1),
('roti bakar', 'pancake', 'milk tea', 5, 0.57937427578216, 0, 1),
('mie pedoo', 'sop buah', 'pancake', 0, 0, 0, 1),
('sop buah', 'pancake', 'teh manis', 0, 0, 0, 1),
('puding', 'pancake', 'coklat', 1, 0.11587485515643, 0, 1),
('puding', 'pancake', 'teh manis', 1, 0.11587485515643, 0, 1),
('mie pedoo', 'chiken katsu', 'pancake', 0, 0, 0, 1),
('chiken katsu', 'pancake', 'teh manis', 0, 0, 0, 1),
('mie pedoo', 'roti bakar', 'puding', 6, 0.69524913093859, 0, 1),
('mie pedoo', 'roti bakar', 'coklat', 0, 0, 0, 1),
('mie pedoo', 'ayam bakar', 'roti bakar', 6, 0.69524913093859, 0, 1),
('ayam bakar', 'roti bakar', 'pancake', 0, 0, 0, 1),
('ayam bakar', 'roti bakar', 'milkshake', 0, 0, 0, 1),
('ayam bakar', 'roti bakar', 'puding', 6, 0.69524913093859, 0, 1),
('ayam bakar', 'roti bakar', 'jus', 6, 0.69524913093859, 0, 1),
('ayam bakar', 'roti bakar', 'teh manis', 6, 0.69524913093859, 0, 1),
('mie kuah susu', 'roti bakar', 'coklat', 0, 0, 0, 1),
('es jeruk', 'roti bakar', 'puding', 0, 0, 0, 1),
('kentang goreng', 'roti bakar', 'milkshake', 0, 0, 0, 1),
('mie pedoo', 'sop buah', 'roti bakar', 0, 0, 0, 1),
('sop buah', 'roti bakar', 'teh manis', 0, 0, 0, 1),
('puding', 'roti bakar', 'coklat', 5, 0.57937427578216, 0, 1),
('puding', 'roti bakar', 'teh manis', 6, 0.69524913093859, 0, 1),
('mie pedoo', 'chiken katsu', 'roti bakar', 0, 0, 0, 1),
('chiken katsu', 'roti bakar', 'teh manis', 0, 0, 0, 1),
('mie pedoo', 'ayam bakar', 'lemon tea', 0, 0, 0, 1),
('mie pedoo', 'lemon tea', 'milk tea', 0, 0, 0, 1),
('mie pedoo', 'sop buah', 'lemon tea', 0, 0, 0, 1),
('mie pedoo', 'chiken katsu', 'lemon tea', 0, 0, 0, 1),
('mie pedoo', 'milkshake', 'milk tea', 0, 0, 0, 1),
('mie pedoo', 'sop buah', 'milkshake', 0, 0, 0, 1),
('mie pedoo', 'chiken katsu', 'milkshake', 0, 0, 0, 1),
('mie kuah susu', 'puding', 'pancake', 0, 0, 0, 1),
('pancake', 'puding', 'roti bakar', 0, 0, 0, 1),
('pancake', 'puding', 'milkshake', 1, 0.11587485515643, 0, 1),
('pancake', 'puding', 'jus', 0, 0, 0, 1),
('roti bakar', 'puding', 'jus', 6, 0.69524913093859, 0, 1),
('mie pedoo', 'puding', 'milk tea', 0, 0, 0, 1),
('roti bakar', 'puding', 'milk tea', 0, 0, 0, 1),
('kentang goreng', 'puding', 'milkshake', 0, 0, 0, 1),
('mie pedoo', 'sop buah', 'puding', 0, 0, 0, 1),
('sop buah', 'puding', 'teh manis', 0, 0, 0, 1),
('milkshake', 'puding', 'jus', 3, 0.34762456546929, 0, 1),
('mie pedoo', 'chiken katsu', 'puding', 0, 0, 0, 1),
('chiken katsu', 'puding', 'teh manis', 0, 0, 0, 1),
('mie pedoo', 'jus', 'milk tea', 1, 0.11587485515643, 0, 1),
('mie pedoo', 'sop buah', 'jus', 0, 0, 0, 1),
('mie pedoo', 'chiken katsu', 'jus', 0, 0, 0, 1),
('mie pedoo', 'ayam bakar', 'coklat', 0, 0, 0, 1),
('ayam bakar', 'coklat', 'pancake', 0, 0, 0, 1),
('ayam bakar', 'coklat', 'milkshake', 1, 0.11587485515643, 0, 1),
('ayam bakar', 'coklat', 'puding', 0, 0, 0, 1),
('ayam bakar', 'coklat', 'jus', 0, 0, 0, 1),
('ayam bakar', 'coklat', 'teh manis', 0, 0, 0, 1),
('pancake', 'coklat', 'roti bakar', 0, 0, 0, 1),
('pancake', 'coklat', 'milkshake', 1, 0.11587485515643, 0, 1),
('pancake', 'coklat', 'jus', 0, 0, 0, 1),
('pancake', 'coklat', 'teh manis', 0, 0, 0, 1),
('roti bakar', 'coklat', 'jus', 0, 0, 0, 1),
('mie pedoo', 'coklat', 'milk tea', 7, 0.81112398609502, 0, 1),
('roti bakar', 'coklat', 'milk tea', 0, 0, 0, 1),
('roti bakar', 'coklat', 'teh manis', 0, 0, 0, 1),
('kentang goreng', 'coklat', 'milkshake', 0, 0, 0, 1),
('kentang goreng', 'coklat', 'teh manis', 0, 0, 0, 1),
('mie pedoo', 'sop buah', 'coklat', 0, 0, 0, 1),
('sop buah', 'coklat', 'teh manis', 0, 0, 0, 1),
('milkshake', 'coklat', 'jus', 1, 0.11587485515643, 0, 1),
('milkshake', 'coklat', 'teh manis', 0, 0, 0, 1),
('jus', 'coklat', 'teh manis', 0, 0, 0, 1),
('es krim', 'coklat', 'teh manis', 0, 0, 0, 1),
('mie pedoo', 'chiken katsu', 'coklat', 0, 0, 0, 1),
('chiken katsu', 'coklat', 'teh manis', 0, 0, 0, 1),
('mie pedoo', 'teh manis', 'milk tea', 1, 0.11587485515643, 0, 1),
('ayam bakar', 'mie kuah susu', 'coklat', 0, 0, 0, 1),
('ayam bakar', 'roti bakar', 'milk tea', 0, 0, 0, 1),
('ayam bakar', 'pancake', 'milk tea', 0, 0, 0, 1),
('ayam bakar', 'sop buah', 'pancake', 0, 0, 0, 1),
('ayam bakar', 'sop buah', 'teh manis', 0, 0, 0, 1),
('ayam bakar', 'chiken katsu', 'pancake', 0, 0, 0, 1),
('ayam bakar', 'chiken katsu', 'teh manis', 0, 0, 0, 1),
('ayam bakar', 'milkshake', 'milk tea', 0, 0, 0, 1),
('ayam bakar', 'sop buah', 'milkshake', 0, 0, 0, 1),
('ayam bakar', 'chiken katsu', 'milkshake', 0, 0, 0, 1),
('ayam bakar', 'puding', 'milk tea', 0, 0, 0, 1),
('ayam bakar', 'sop buah', 'puding', 0, 0, 0, 1),
('ayam bakar', 'chiken katsu', 'puding', 0, 0, 0, 1),
('ayam bakar', 'jus', 'milk tea', 0, 0, 0, 1),
('ayam bakar', 'sop buah', 'jus', 0, 0, 0, 1),
('ayam bakar', 'chiken katsu', 'jus', 0, 0, 0, 1),
('ayam bakar', 'teh manis', 'milk tea', 0, 0, 0, 1),
('mie kuah susu', 'pancake', 'milk tea', 8, 0.92699884125145, 0, 1),
('mie kuah susu', 'sop buah', 'pancake', 0, 0, 0, 1),
('mie kuah susu', 'chiken katsu', 'pancake', 0, 0, 0, 1),
('mie kuah susu', 'coklat', 'milk tea', 7, 0.81112398609502, 0, 1),
('mie kuah susu', 'sop buah', 'coklat', 0, 0, 0, 1),
('mie kuah susu', 'chiken katsu', 'coklat', 0, 0, 0, 1),
('es jeruk', 'puding', 'milk tea', 0, 0, 0, 1),
('es jeruk', 'sop buah', 'puding', 0, 0, 0, 1),
('es jeruk', 'chiken katsu', 'puding', 0, 0, 0, 1),
('pancake', 'sop buah', 'roti bakar', 0, 0, 0, 1),
('pancake', 'chiken katsu', 'roti bakar', 0, 0, 0, 1),
('pancake', 'milkshake', 'milk tea', 0, 0, 0, 1),
('pancake', 'sop buah', 'milkshake', 0, 0, 0, 1),
('pancake', 'chiken katsu', 'milkshake', 0, 0, 0, 1),
('pancake', 'jus', 'milk tea', 0, 0, 0, 1),
('pancake', 'sop buah', 'jus', 0, 0, 0, 1),
('pancake', 'chiken katsu', 'jus', 0, 0, 0, 1),
('pancake', 'teh manis', 'milk tea', 0, 0, 0, 1),
('roti bakar', 'sop buah', 'jus', 0, 0, 0, 1),
('roti bakar', 'chiken katsu', 'jus', 0, 0, 0, 1),
('kentang goreng', 'milk tea', 'milkshake', 0, 0, 0, 1),
('kentang goreng', 'milk tea', 'teh manis', 0, 0, 0, 1),
('roti bakar', 'sop buah', 'milk tea', 0, 0, 0, 1),
('sop buah', 'milk tea', 'teh manis', 0, 0, 0, 1),
('milkshake', 'milk tea', 'jus', 0, 0, 0, 1),
('milkshake', 'milk tea', 'teh manis', 0, 0, 0, 1),
('puding', 'milk tea', 'coklat', 0, 0, 0, 1),
('puding', 'milk tea', 'teh manis', 0, 0, 0, 1),
('jus', 'milk tea', 'teh manis', 1, 0.11587485515643, 0, 1),
('es krim', 'milk tea', 'teh manis', 0, 0, 0, 1),
('roti bakar', 'chiken katsu', 'milk tea', 0, 0, 0, 1),
('chiken katsu', 'milk tea', 'teh manis', 0, 0, 0, 1),
('kentang goreng', 'sop buah', 'milkshake', 0, 0, 0, 1),
('kentang goreng', 'chiken katsu', 'milkshake', 0, 0, 0, 1),
('sop buah', 'milkshake', 'jus', 0, 0, 0, 1),
('sop buah', 'puding', 'coklat', 0, 0, 0, 1),
('sop buah', 'chiken katsu', 'teh manis', 0, 0, 0, 1),
('milkshake', 'chiken katsu', 'jus', 0, 0, 0, 1),
('puding', 'chiken katsu', 'coklat', 0, 0, 0, 1);

-- --------------------------------------------------------

--
-- Table structure for table `tb_kriteria`
--

CREATE TABLE `tb_kriteria` (
  `id_kriteria` int(11) NOT NULL,
  `nama_kriteria` varchar(50) NOT NULL,
  `tipe_kriteria` int(11) NOT NULL,
  `bobot` decimal(11,3) NOT NULL
) ENGINE=InnoDB DEFAULT CHARSET=latin1;

--
-- Dumping data for table `tb_kriteria`
--

INSERT INTO `tb_kriteria` (`id_kriteria`, `nama_kriteria`, `tipe_kriteria`, `bobot`) VALUES
(1, 'Keterkaitan Jenis Produk', 0, '0.300'),
(2, 'Perbedaan Harga', 0, '0.400'),
(10, 'Nilai Jual Produk', 0, '0.300');

-- --------------------------------------------------------

--
-- Table structure for table `tb_nilai_alternatif`
--

CREATE TABLE `tb_nilai_alternatif` (
  `id_nilai` int(11) NOT NULL,
  `id_alternatif` int(11) NOT NULL,
  `id_kriteria` int(11) NOT NULL,
  `nilai` int(11) NOT NULL
) ENGINE=InnoDB DEFAULT CHARSET=latin1;

--
-- Dumping data for table `tb_nilai_alternatif`
--

INSERT INTO `tb_nilai_alternatif` (`id_nilai`, `id_alternatif`, `id_kriteria`, `nilai`) VALUES
(1, 1, 1, 5),
(2, 1, 2, 5),
(4, 2, 1, 5),
(5, 2, 2, 5),
(7, 3, 1, 4),
(8, 3, 2, 4),
(10, 4, 1, 3),
(11, 4, 2, 3),
(25, 14, 1, 5),
(26, 14, 2, 2),
(28, 1, 10, 3),
(29, 2, 10, 4),
(30, 3, 10, 4),
(31, 4, 10, 5),
(32, 14, 10, 5),
(33, 15, 1, 2),
(34, 15, 2, 3),
(35, 15, 10, 4),
(36, 16, 1, 2),
(37, 16, 2, 3),
(38, 16, 10, 5),
(39, 17, 1, 3),
(40, 17, 2, 3),
(41, 17, 10, 4),
(42, 18, 1, 4),
(43, 18, 2, 4),
(44, 18, 10, 5),
(45, 19, 1, 4),
(46, 19, 2, 3),
(47, 19, 10, 5),
(48, 20, 1, 4),
(49, 20, 2, 4),
(50, 20, 10, 4),
(51, 21, 1, 4),
(52, 21, 2, 5),
(53, 21, 10, 5),
(54, 22, 1, 4),
(55, 22, 2, 2),
(56, 22, 10, 4),
(57, 23, 1, 4),
(58, 23, 2, 5),
(59, 23, 10, 4),
(60, 24, 1, 3),
(61, 24, 2, 4),
(62, 24, 10, 4);

-- --------------------------------------------------------

--
-- Table structure for table `tb_process_log`
--

CREATE TABLE `tb_process_log` (
  `id` int(11) NOT NULL,
  `start_date` date DEFAULT NULL,
  `end_date` date DEFAULT NULL,
  `min_support` double DEFAULT NULL,
  `min_confidence` double DEFAULT NULL
) ENGINE=InnoDB DEFAULT CHARSET=latin1;

--
-- Dumping data for table `tb_process_log`
--

INSERT INTO `tb_process_log` (`id`, `start_date`, `end_date`, `min_support`, `min_confidence`) VALUES
(1, NULL, NULL, 15, 60);

-- --------------------------------------------------------

--
-- Table structure for table `tb_transaksi`
--

CREATE TABLE `tb_transaksi` (
  `id` int(11) NOT NULL,
  `tgl_transaksi` date DEFAULT NULL,
  `produk` text
) ENGINE=InnoDB DEFAULT CHARSET=latin1;

--
-- Dumping data for table `tb_transaksi`
--

INSERT INTO `tb_transaksi` (`id`, `tgl_transaksi`, `produk`) VALUES
(1, '2019-10-01', 'nasi goreng, milk tea'),
(2, '2019-10-01', 'steak, lemon tea, es krim'),
(3, '2019-10-01', 'omelette, tahu goreng, es jeruk'),
(4, '2019-10-01', 'burger, jus'),
(5, '2019-10-01', 'pisang bakar, sop buah, thai tea'),
(6, '2019-10-01', 'mie tektek, mie pedoo, es jeruk, teh manis'),
(7, '2019-10-01', 'mie pedoo, teh manis, pancake'),
(8, '2019-10-01', 'mie pedoo, teh manis, puding'),
(9, '2019-10-01', 'nasi goreng, milkshake'),
(10, '2019-10-01', 'ayam bakar, air mineral, pisang bakar'),
(11, '2019-10-01', 'burger, sop buah'),
(12, '2019-10-01', 'chicken katsu, susu murni'),
(13, '2019-10-01', 'mie pedoo, mie kuah susu, pancake, milk tea, coklat'),
(14, '2019-10-01', 'mie pedoo, jus, pancake, roti bakar'),
(15, '2019-10-01', 'nasi goreng, jus, puding'),
(16, '2019-10-01', 'ayam bakar, teh manis, pancake'),
(17, '2019-10-01', 'ayam bakar, teh manis, puding'),
(18, '2019-10-01', 'mie pedoo, teh manis, milkshake, pancake'),
(19, '2019-10-01', 'mie pedoo, milkshake, pancake, roti bakar'),
(20, '2019-10-01', 'mie pedoo, tahu goreng, teh manis'),
(21, '2019-10-01', 'mie pedoo, nasi goreng, lemon tea, susu soda'),
(22, '2019-10-01', 'mie kuah susu, burger, roti bakar, teh manis, jus, squash'),
(23, '2019-10-01', 'burger, lemon tea'),
(24, '2019-10-01', 'es jeruk, pisang bakar, dorayaki'),
(25, '2019-10-01', 'nasi goreng, milkshake'),
(26, '2019-10-01', 'mie pedoo, nasi goreng, milkshake, jus'),
(27, '2019-10-01', 'mie pedoo, milkshake, puding'),
(28, '2019-10-01', 'ayam bakar, jus, milkshake'),
(29, '2019-10-02', 'pancake, roti bakar, milk tea'),
(30, '2019-10-02', 'steak, air mineral, es krim'),
(31, '2019-10-02', 'chicken katsu, lemon tea'),
(32, '2019-10-02', 'mie pedoo, ayam bakar, teh manis, jus, puding, roti bakar'),
(33, '2019-10-02', 'nasi goreng, teh manis, roti bakar'),
(34, '2019-10-02', 'mie pedoo, nasi goreng, milkshake, jus, pancake'),
(35, '2019-10-02', 'ayam bakar, nasi goreng, teh manis, jus'),
(36, '2019-10-02', 'mie pedoo, teh manis'),
(37, '2019-10-02', 'nasi goreng, roti bakar, jus'),
(38, '2019-10-02', 'nasi goreng, pancake, puding'),
(39, '2019-10-02', 'roti bakar, milkshake'),
(40, '2019-10-02', 'mie pedoo, teh manis, jus'),
(41, '2019-10-02', 'pancake, puding, teh manis'),
(42, '2019-10-02', 'mie pedoo, teh manis, milkshake, pancake'),
(43, '2019-10-02', 'nasi goreng, jus, pancake'),
(44, '2019-10-02', 'ayam bakar, nasi goreng, milkshake, teh manis, puding'),
(45, '2019-10-02', 'mie pedoo, jus, pancake'),
(46, '2019-10-02', 'mie pedoo, teh manis'),
(47, '2019-10-02', 'chicken teriyaki, sop buah, dorayaki'),
(48, '2019-10-02', 'kentang goreng, teh manis'),
(49, '2019-10-02', 'tahu goreng, sop buah, teh manis'),
(50, '2019-10-02', 'chicken katsu, susu soda, es jeruk'),
(51, '2019-10-02', 'es jeruk, lemon tea'),
(52, '2019-10-02', 'roti bakar, milk tea'),
(53, '2019-10-03', 'ayam bakar, jus, pancake'),
(54, '2019-10-03', 'steak, jus, kentang goreng'),
(55, '2019-10-03', 'mie tektek, milk tea, pisang bakar'),
(56, '2019-10-03', 'omelette, es jeruk, puding'),
(57, '2019-10-03', 'nasi goreng, air mineral, es krim'),
(58, '2019-10-03', 'mie pedoo, omelette, teh manis, jus'),
(59, '2019-10-03', 'mie kuah susu, ayam bakar, lemon tea'),
(60, '2019-10-03', 'steak, burger, green tea, coklat'),
(61, '2019-10-03', 'burger, susu murni, kentang goreng'),
(62, '2019-10-03', 'mie pedoo, green tea'),
(63, '2019-10-03', 'lemon tea, squash'),
(64, '2019-10-03', 'chicken katsu, susu soda, es jeruk'),
(65, '2019-10-03', 'sop buah, tahu goreng'),
(66, '2019-10-03', 'roti bakar, pancake, milkshake'),
(67, '2019-10-03', 'pancake, jus, milkshake'),
(68, '2019-10-03', 'nasi goreng, ayam bakar, teh manis'),
(69, '2019-10-03', 'mie pedoo, ayam bakar, teh manis, pancake'),
(70, '2019-10-03', 'milkshake, jus'),
(71, '2019-10-03', 'nasi goreng, teh manis'),
(72, '2019-10-03', 'pisang bakar, coklat'),
(73, '2019-10-03', 'mie pedoo, mie tektek, mie kuah susu, sop buah'),
(74, '2019-10-03', 'omelette, susu murni, pancake'),
(75, '2019-10-03', 'roti bakar, air mineral'),
(76, '2019-10-03', 'puding, green tea'),
(77, '2019-10-03', 'jus, roti bakar'),
(78, '2019-10-04', 'mie pedoo, nasi goreng, milkshake, jus, puding'),
(79, '2019-10-04', 'mie pedoo, teh manis, roti bakar'),
(80, '2019-10-04', 'burger, puding, es krim'),
(81, '2019-10-04', 'steak, roti bakar, squash, air mineral'),
(82, '2019-10-04', 'susu murni, green tea, milk tea, kentang goreng'),
(83, '2019-10-04', 'roti bakar, coklat, thai tea'),
(84, '2019-10-04', 'chicken teriyaki, es jeruk, puding'),
(85, '2019-10-04', 'mie pedoo, pancake, teh manis'),
(86, '2019-10-04', 'mie tektek, teh manis, jus'),
(87, '2019-10-04', 'green tea, thai tea'),
(88, '2019-10-04', 'jus, pancake'),
(89, '2019-10-04', 'ayam bakar, teh manis'),
(90, '2019-10-04', 'ayam bakar, teh manis, puding'),
(91, '2019-10-04', 'milkshake, pancake'),
(92, '2019-10-04', 'nasi goreng, jus'),
(93, '2019-10-04', 'mie pedoo, nasi goreng, ayam bakar, teh manis, milkshake, jus'),
(94, '2019-10-04', 'sop buah'),
(95, '2019-10-04', 'nasi goreng, teh manis, puding'),
(96, '2019-10-04', 'milkshake, puding'),
(97, '2019-10-04', 'pancake, es krim'),
(98, '2019-10-04', 'ayam bakar, lemon tea, jus'),
(99, '2019-10-04', 'nasi goreng, milkshake'),
(100, '2019-10-05', 'mie pedoo, coklat, puding'),
(101, '2019-10-05', 'burger, coklat, tahu goreng'),
(102, '2019-10-05', 'mie kuah susu, air mineral'),
(103, '2019-10-05', 'mie pedoo, teh manis, jus'),
(104, '2019-10-05', 'ayam bakar, milkshake, teh manis, pancake'),
(105, '2019-10-05', 'nasi goreng, es krim, dorayaki, teh manis'),
(106, '2019-10-05', 'mie pedoo, teh manis, pancake'),
(107, '2019-10-05', 'mie pedoo, teh manis, puding'),
(108, '2019-10-05', 'ayam bakar, jus, tahu goreng'),
(109, '2019-10-05', 'es jeruk, tahu goreng'),
(110, '2019-10-05', 'ayam bakar, teh manis, tahu goreng'),
(111, '2019-10-05', 'tahu goreng, puding, coklat'),
(112, '2019-10-05', 'burger, milkshake, milk tea'),
(113, '2019-10-05', 'mie pedoo, teh manis'),
(114, '2019-10-05', 'kentang goreng, pancake, susu murni'),
(115, '2019-10-05', 'milkshake, roti bakar, puding'),
(116, '2019-10-05', 'mie pedoo, teh manis, pancake, roti bakar'),
(117, '2019-10-05', 'mie pedoo, teh manis, milkshake, roti bakar, pancake'),
(118, '2019-10-05', 'roti bakar, teh manis'),
(119, '2019-10-05', 'chicken teriyaki, milk tea, pisang bakar'),
(120, '2019-10-05', 'nasi goreng, mie pedoo, teh manis'),
(121, '2019-10-05', 'burger, omelette, teh manis, jus'),
(122, '2019-10-05', 'chicken teriyaki, steak, lemon tea, es krim'),
(123, '2019-10-05', 'steak, lemon tea, puding'),
(124, '2019-10-05', 'mie tektek, teh manis, milkshake, roti bakar'),
(125, '2019-10-05', 'ayam bakar, tahu goreng, teh manis'),
(126, '2019-10-05', 'susu soda, lemon tea, kentang goreng, roti bakar'),
(127, '2019-10-05', 'mie pedoo, jus, pancake'),
(128, '2019-10-05', 'burger, squash, es krim, kentang goreng'),
(129, '2019-10-05', 'mie pedoo, omelette, milkshake'),
(130, '2019-10-06', 'nasi goreng, milk tea, coklat'),
(131, '2019-10-06', 'pisang bakar, coklat'),
(132, '2019-10-06', 'kentang goreng, air mineral'),
(133, '2019-10-06', 'pancake, puding, milkshake, coklat'),
(134, '2019-10-06', 'dorayaki, sop buah, coklat'),
(135, '2019-10-06', 'steak, burger, green tea, coklat'),
(136, '2019-10-06', 'green tea, puding, roti bakar'),
(137, '2019-10-06', 'burger, jus, pancake'),
(138, '2019-10-06', 'mie pedoo, teh manis, jus'),
(139, '2019-10-06', 'tahu goreng, es jeruk, pancake'),
(140, '2019-10-06', 'ayam bakar, jus, es jeruk'),
(141, '2019-10-06', 'mie kuah susu, green tea, kentang goreng'),
(142, '2019-10-06', 'burger, kentang goreng, susu murni'),
(143, '2019-10-06', 'chicken katsu, squash, dorayaki'),
(144, '2019-10-06', 'jus, squash, puding'),
(145, '2019-10-06', 'coklat, susu murni'),
(146, '2019-10-06', 'pancake, roti bakar, milk tea'),
(147, '2019-10-06', 'roti bakar, pisang bakar, air mineral'),
(148, '2019-10-06', 'omelette, air mineral'),
(149, '2019-10-06', 'milk tea, thai tea, es krim'),
(150, '2019-10-06', 'pisang bakar, milkshake'),
(151, '2019-10-06', 'mie tektek, jus, pancake'),
(152, '2019-10-06', 'chicken teriyaki, milkshake'),
(153, '2019-10-07', 'steak, burger, mie pedoo, coklat, jus, milkshake, susu murni'),
(154, '2019-10-07', 'omelette, burger, milkshake, squash, es krim'),
(155, '2019-10-07', 'es krim, puding, tahu goreng, susu murni'),
(156, '2019-10-07', 'chicken katsu, steak, lemon tea, squash'),
(157, '2019-10-07', 'ayam bakar, susu soda, dorayaki'),
(158, '2019-10-07', 'nasi goreng, teh manis, jus, sop buah'),
(159, '2019-10-07', 'nasi goreng, milk tea'),
(160, '2019-10-07', 'steak, lemon tea, es krim'),
(161, '2019-10-07', 'omelette, tahu goreng, es jeruk'),
(162, '2019-10-07', 'burger, jus'),
(163, '2019-10-07', 'pisang bakar, sop buah, thai tea'),
(164, '2019-10-07', 'mie tektek, mie pedoo, es jeruk, teh manis'),
(165, '2019-10-07', 'roti bakar, dorayaki, green tea'),
(166, '2019-10-07', 'chicken teriyaki, squash, milkshake'),
(167, '2019-10-07', 'ayam bakar, air mineral, pisang bakar'),
(168, '2019-10-07', 'burger, sop buah'),
(169, '2019-10-07', 'chicken katsu, susu murni'),
(170, '2019-10-07', 'mie pedoo, mie kuah susu, pancake, milk tea, coklat'),
(171, '2019-10-07', 'es krim, puding, tahu goreng'),
(172, '2019-10-07', 'green tea, squash, coklat, milkshake'),
(173, '2019-10-07', 'steak, teh manis, kentang goreng'),
(174, '2019-10-07', 'omelette, air mineral, pancake'),
(175, '2019-10-07', 'steak, milk tea, burger, sop buah'),
(176, '2019-10-08', 'mie pedoo, tahu goreng, teh manis'),
(177, '2019-10-08', 'mie pedoo, nasi goreng, lemon tea, susu soda'),
(178, '2019-10-08', 'mie kuah susu, burger, roti bakar, teh manis, jus, squash'),
(179, '2019-10-08', 'burger, lemon tea'),
(180, '2019-10-08', 'es jeruk, pisang bakar, dorayaki'),
(181, '2019-10-08', 'mie kuah susu, teh manis, coklat'),
(182, '2019-10-08', 'ayam bakar, jus, pancake'),
(183, '2019-10-08', 'mie pedoo, thai tea, kentang goreng'),
(184, '2019-10-08', 'pancake, roti bakar, milk tea'),
(185, '2019-10-08', 'steak, air mineral, es krim'),
(186, '2019-10-08', 'chicken katsu, lemon tea'),
(187, '2019-10-08', 'coklat, pisang goreng'),
(188, '2019-10-08', 'tahu goreng, sop buah'),
(189, '2019-10-08', 'kentang goreng, pisang bakar, squash'),
(190, '2019-10-08', 'dorayaki,tahu goreng, es jeruk'),
(191, '2019-10-08', 'mie tektek, susu murni, puding'),
(192, '2019-10-08', 'nasi goreng, ayam bakar, milkshake, coklat'),
(193, '2019-10-08', 'squash, susu murni'),
(194, '2019-10-08', 'burger, jus, puding'),
(195, '2019-10-08', 'mie pedoo, teh manis'),
(196, '2019-10-08', 'mie pedoo, mie kuah susu, lemon tea'),
(197, '2019-10-08', 'nasi goreng, jus, milkshake, squash, lemon tea'),
(198, '2019-10-08', 'omelette, burger, coklat, thai tea'),
(199, '2019-10-08', 'chicken teriyaki, sop buah, dorayaki'),
(200, '2019-10-08', 'kentang goreng, teh manis'),
(201, '2019-10-08', 'tahu goreng, sop buah, teh manis'),
(202, '2019-10-09', 'chicken katsu, susu soda, es jeruk'),
(203, '2019-10-09', 'es jeruk, lemon tea'),
(204, '2019-10-09', 'roti bakar, milk tea'),
(205, '2019-10-09', 'ayam bakar, jus, pancake'),
(206, '2019-10-09', 'steak, jus, kentang goreng'),
(207, '2019-10-09', 'mie tektek, milk tea, pisang bakar'),
(208, '2019-10-09', 'omelette, es jeruk, puding'),
(209, '2019-10-09', 'nasi goreng, air mineral, es krim'),
(210, '2019-10-09', 'tahu goreng, milk tea'),
(211, '2019-10-09', 'coklat, roti bakar'),
(212, '2019-10-09', 'nasi goreng, teh manis, sop buah'),
(213, '2019-10-09', 'ayam bakar, es jeruk, puding'),
(214, '2019-10-09', 'roti bakar, coklat, puding'),
(215, '2019-10-09', 'steak, milkshake, kentang goreng'),
(216, '2019-10-09', 'chiken katsu, lemon tea'),
(217, '2019-10-09', 'coklat, tahu goreng,roti bakar'),
(218, '2019-10-09', 'green tea, squash, coklat, milkshake'),
(219, '2019-10-09', 'squash, susu murni, kentang goreng'),
(220, '2019-10-09', 'mie kuah susu, air mineral, pancake'),
(221, '2019-10-09', 'susu soda, susu murni'),
(222, '2019-10-09', 'mie pedoo, mie tektek, es jeruk, coklat'),
(223, '2019-10-09', 'chiken katsu, green tea'),
(224, '2019-10-09', 'coklat, sop buah, dorayaki'),
(225, '2019-10-09', 'jus, thai tea'),
(226, '2019-10-10', 'burger, kentang goreng, milkshake'),
(227, '2019-10-10', 'omelette, susu murni, sop buah'),
(228, '2019-10-10', 'mie tektek, teh manis'),
(229, '2019-10-10', 'chiken teriyaki, squash, sop buah'),
(230, '2019-10-10', 'steak, susu soda, puding'),
(231, '2019-10-10', 'coklat, pisang bakar'),
(232, '2019-10-10', 'susu murni, coklat, milk tea'),
(233, '2019-10-10', 'mie kuah susu, air mineral, pancake'),
(234, '2019-10-10', 'mie pedoo, teh manis'),
(235, '2019-10-10', 'jus, thai tea'),
(236, '2019-10-10', 'mie pedoo, teh manis'),
(237, '2019-10-10', 'omelette, es jeruk, puding'),
(238, '2019-10-10', 'omelette, teh manis, es krim'),
(239, '2019-10-10', 'burger, steak, susu soda, coklat'),
(240, '2019-10-10', 'chiken katsu, green tea'),
(241, '2019-10-10', 'chiken katsu, teh manis'),
(242, '2019-10-10', 'steak, susu soda, puding, es krim'),
(243, '2019-10-10', 'mie pedoo, teh manis, pancake'),
(244, '2019-10-10', 'steak, milkshake, kentang goreng'),
(245, '2019-10-10', 'tahu goreng,milk tea'),
(246, '2019-10-10', 'squash, tahu goreng'),
(247, '2019-10-10', 'teh manis, kentang goreng'),
(248, '2019-10-10', 'burger, steak, susu soda, coklat'),
(249, '2019-10-10', 'green tea, squash, coklat, milkshake'),
(250, '2019-10-10', 'steak, thai tea'),
(251, '2019-10-11', 'ayam bakar, lemon tea'),
(252, '2019-10-11', 'nasi goreng, teh manis, es krim'),
(253, '2019-10-11', 'greeen tea, thai tea'),
(254, '2019-10-11', 'nasi goreng, lemon tea'),
(255, '2019-10-11', 'omelette, teh manis, kentang goreng'),
(256, '2019-10-11', 'mie kuah susu, lemon tea'),
(257, '2019-10-11', 'mie pedoo,mie tektek,es jeruk, coklat'),
(258, '2019-10-11', 'steak, susu soda, puding'),
(259, '2019-10-11', 'jus,kentang goreng'),
(260, '2019-10-11', 'sop buah'),
(261, '2019-10-11', 'steak , lemon tea'),
(262, '2019-10-11', 'chiken teriyaki, lemon tea, pancake'),
(263, '2019-10-11', 'chiken katsu, teh manis'),
(264, '2019-10-11', 'nasi goreng, teh manis'),
(265, '2019-10-11', 'susu murni, susu soda'),
(266, '2019-10-11', 'coklat, dorayaki'),
(267, '2019-10-11', 'sop buah, kentang goreng, teh manis'),
(268, '2019-10-11', 'jus,kentang goreng'),
(269, '2019-10-11', 'chiken teriyaki, squash, sop buah'),
(270, '2019-10-11', 'steak, thai tea'),
(271, '2019-10-11', 'coklat, pisang bakar'),
(272, '2019-10-11', 'nasi goreng, teh manis'),
(273, '2019-10-11', 'coklat'),
(274, '2019-10-11', 'chiken teriyaki, lemon tea, pancake'),
(275, '2019-10-11', 'thai tea, kentang goreng'),
(276, '2019-10-11', 'nasi goreng, teh manis'),
(277, '2019-10-12', 'chicken teriyaki, lemon tea, puding'),
(278, '2019-10-12', 'coklat, kentang goreng, puding'),
(279, '2019-10-12', 'mie kuah susu, air mineral, pancake'),
(280, '2019-10-12', 'susu soda , roti bakar'),
(281, '2019-10-12', 'nasi goreng, teh manis, es krim'),
(282, '2019-10-12', 'ayam bakar, jus, pancake'),
(283, '2019-10-12', 'nasi goreng, teh manis, es krim'),
(284, '2019-10-12', 'omelette, es jeruk, puding'),
(285, '2019-10-12', 'steak , lemon tea'),
(286, '2019-10-12', 'milk tea'),
(287, '2019-10-12', 'burger,es jeruk , kentang goreng'),
(288, '2019-10-12', 'mie pedoo, mie tektek, mie kuah susu, teh manis, jus, milk tea'),
(289, '2019-10-12', 'ayam bakar, teh manis'),
(290, '2019-10-12', 'burger, squash'),
(291, '2019-10-12', 'teh manis, kentang goreng'),
(292, '2019-10-12', 'burger,es jeruk , kentang goreng'),
(293, '2019-10-12', 'mie pedoo, lemon tea'),
(294, '2019-10-12', 'omelette, es jeruk, puding'),
(295, '2019-10-12', 'nasi goreng, teh manis,sop buah'),
(296, '2019-10-12', 'ayam bakar, lemon tea, pancake'),
(297, '2019-10-12', 'nasi goreng, teh manis, es krim'),
(298, '2019-10-12', 'mie pedoo, coklat , air mineral, puding'),
(299, '2019-10-12', 'chiken katsu, teh manis'),
(300, '2019-10-12', 'chiken katsu, squash'),
(301, '2019-10-12', 'mie tektek, milk tea, dorayaki'),
(302, '2019-10-12', 'coklat'),
(303, '2019-10-12', 'mie kuah susu, air mineral, pancake'),
(304, '2019-10-12', 'thai tea, kentang goreng'),
(305, '2019-10-13', 'squash'),
(306, '2019-10-13', 'dorayaki, es jeruk'),
(307, '2019-10-13', 'roti bakar, coklat,puding'),
(308, '2019-10-13', 'teh manis, kentang goreng'),
(309, '2019-10-13', 'mie kuah susu, lemon tea'),
(310, '2019-10-13', 'steak , lemon tea, kentang goreng'),
(311, '2019-10-13', 'chiken katsu, teh manis'),
(312, '2019-10-13', 'jus,kentang goreng'),
(313, '2019-10-13', 'mie pedoo, lemon tea'),
(314, '2019-10-13', 'susu soda , roti bakar'),
(315, '2019-10-13', 'mie kuah susu, air mineral, pancake'),
(316, '2019-10-13', 'chiken katsu, teh manis'),
(317, '2019-10-13', 'susu soda , roti bakar'),
(318, '2019-10-13', 'chicken katsu, susu soda, es jeruk'),
(319, '2019-10-13', 'nasi goreng, teh manis,sop buah'),
(320, '2019-10-13', 'mie kuah susu, air mineral, puding'),
(321, '2019-10-13', 'burger, squash'),
(322, '2019-10-13', 'jus, thai tea'),
(323, '2019-10-13', 'burger, milk tea, kentang goreng'),
(324, '2019-10-13', 'burger, jus'),
(325, '2019-10-13', 'mie pedoo, coklat , air mineral, puding'),
(326, '2019-10-13', 'chiken katsu, squash'),
(327, '2019-10-13', 'mie tektek, milk tea, dorayaki'),
(328, '2019-10-13', 'omelette, burger, coklat, thai tea'),
(329, '2019-10-13', 'mie pedoo, teh manis'),
(330, '2019-10-13', 'dorayaki, es jeruk'),
(331, '2019-10-13', 'chiken katsu, teh manis'),
(332, '2019-10-13', 'steak, jus, kentang goreng'),
(333, '2019-10-13', 'omelette, es jeruk, puding'),
(334, '2019-10-13', 'susu, murni, coklat, milk tea'),
(335, '2019-10-13', 'mie pedoo, tahu goreng, teh manis'),
(336, '2019-10-13', 'milk tea'),
(337, '2019-10-13', 'squash, susu murni'),
(338, '0000-00-00', 'teh manis, kentang goreng'),
(339, '0000-00-00', 'omelette, es jeruk, puding'),
(340, '2019-10-14', 'mie kuah susu, lemon tea'),
(341, '2019-10-14', 'steak, thai tea'),
(342, '2019-10-14', 'roti bakar, milk tea'),
(343, '2019-10-14', 'nasi goreng, teh manis'),
(344, '2019-10-14', 'burger,es jeruk , kentang goreng'),
(345, '2019-10-14', 'jus,kentang goreng'),
(346, '2019-10-14', 'coklat'),
(347, '2019-10-14', 'burger, kentang goreng, milkshake'),
(348, '2019-10-14', 'roti bakar, coklat,puding'),
(349, '2019-10-14', 'jus, thai tea'),
(350, '2019-10-14', 'chiken teriyaki, lemon tea, pancake'),
(351, '2019-10-14', 'steak , lemon tea'),
(352, '2019-10-14', 'omelette, air mineral, pancake'),
(353, '2019-10-14', 'steak, milk tea, burger, sop buah'),
(354, '2019-10-14', 'susu soda , roti bakar'),
(355, '2019-10-14', 'burger, es jeruk, kentang goreng'),
(356, '2019-10-14', 'mie kuah susu, coklat, pancake'),
(357, '2019-10-14', 'jus, kentang goreng'),
(358, '2019-10-14', 'mie pedoo, coklat , air mineral, puding'),
(359, '2019-10-14', 'burger, lemon tea'),
(360, '2019-10-14', 'mie pedoo, thai tea, kentang goreng'),
(361, '2019-10-14', 'chiken katsu, teh manis'),
(362, '2019-10-14', 'mie tektek, teh manis'),
(363, '2019-10-14', 'dorayaki, es jeruk'),
(364, '2019-10-15', 'tahu goreng, sop buah, teh manis'),
(365, '2019-10-15', 'squash, susu murni, kentang goreng'),
(366, '2019-10-15', 'squash, tahu goreng'),
(367, '2019-10-15', 'coklat, tahu goreng,roti bakar'),
(368, '2019-10-15', 'dorayaki, es jeruk'),
(369, '2019-10-15', 'nasi goreng, milk tea'),
(370, '2019-10-15', 'chiken teriyaki, lemon tea, pancake'),
(371, '2019-10-15', 'mie pedoo,mie tektek,es jeruk, coklat'),
(372, '2019-10-15', 'green tea, squash, coklat, milkshake'),
(373, '2019-10-15', 'burger, squash'),
(374, '2019-10-15', 'susu soda , roti bakar'),
(375, '2019-10-15', 'ayam bakar, teh manis'),
(376, '2019-10-15', 'nasi goreng, teh manis, es krim'),
(377, '2019-10-15', 'jus,kentang goreng'),
(378, '2019-10-15', 'ayam bakar, air mineral, pisang bakar'),
(379, '2019-10-15', 'nasi goreng, teh manis,sop buah'),
(380, '2019-10-15', 'chiken katsu, lemon tea'),
(381, '2019-10-15', 'chicken katsu, susu murni'),
(382, '2019-10-15', 'mie kuah susu, air mineral, pancake'),
(383, '2019-10-15', 'chiken katsu, teh manis'),
(384, '2019-10-15', 'omelette, es jeruk, puding'),
(385, '2019-10-15', 'nasi goreng, teh manis,sop buah'),
(386, '2019-10-15', 'tahu goreng, sop buah, teh manis'),
(387, '2019-10-15', 'steak , lemon tea, kentang goreng'),
(388, '2019-10-15', 'mie pedoo, teh manis'),
(389, '2019-10-15', 'es jeruk, pisang bakar, dorayaki'),
(390, '2019-10-15', 'mie tektek, mie pedoo, es jeruk, teh manis'),
(391, '2019-10-15', 'kentang goreng, pisang bakar, squash'),
(392, '2019-10-16', 'chiken katsu, squash'),
(393, '2019-10-16', 'pisang bakar, sop buah, thai tea'),
(394, '2019-10-16', 'nasi goreng, teh manis'),
(395, '2019-10-16', 'mie kuah susu, teh manis, coklat'),
(396, '2019-10-16', 'chicken katsu, lemon tea'),
(397, '2019-10-16', 'chicken teriyaki, sop buah, dorayaki'),
(398, '2019-10-16', 'mie tektek, milk tea, dorayaki'),
(399, '2019-10-16', 'omelette, es jeruk, puding'),
(400, '2019-10-16', 'steak, milk tea, burger, sop buah'),
(401, '2019-10-16', 'steak , lemon tea, kentang goreng'),
(402, '2019-10-16', 'omelette, teh manis, kentang goreng'),
(403, '2019-10-16', 'dorayaki, es jeruk'),
(404, '2019-10-16', 'susu soda , roti bakar'),
(405, '2019-10-16', 'steak, thai tea'),
(406, '2019-10-16', 'mie tektek, mie pedoo, es jeruk, teh manis'),
(407, '2019-10-16', 'nasi goreng, teh manis, es krim'),
(408, '2019-10-16', 'jus,kentang goreng'),
(409, '2019-10-16', 'burger, jus'),
(410, '2019-10-16', 'coklat, dorayaki'),
(411, '2019-10-16', 'steak, air mineral, es krim'),
(412, '2019-10-16', 'steak, susu soda, puding'),
(413, '2019-10-16', 'teh manis, kentang goreng'),
(414, '2019-10-16', 'mie pedoo, mie kuah susu, lemon tea'),
(415, '2019-10-16', 'mie pedoo, teh manis'),
(416, '2019-10-16', 'susu murni, coklat, milk tea'),
(417, '2019-10-16', 'mie tektek, mie pedoo, es jeruk, teh manis'),
(418, '2019-10-17', 'nasi goreng, teh manis'),
(419, '2019-10-17', 'coklat, roti bakar'),
(420, '2019-10-17', 'mie tektek, Milktea, pisang bakar'),
(421, '2019-10-17', 'nasi goreng, teh manis, es krim'),
(422, '2019-10-17', 'tahu goreng, sop buah, teh manis'),
(423, '2019-10-17', 'mie tektek, teh manis'),
(424, '2019-10-17', 'squash, tahu goreng'),
(425, '2019-10-17', 'coklat, roti bakar'),
(426, '2019-10-17', 'burger, kentang goreng, milkshake'),
(427, '2019-10-17', 'nasi goreng, teh manis,sop buah'),
(428, '2019-10-17', 'chiken katsu, teh manis'),
(429, '2019-10-17', 'thai tea, kentang goreng'),
(430, '2019-10-17', 'nasi goreng, teh manis,sop buah'),
(431, '2019-10-17', 'jus, thai tea'),
(432, '2019-10-17', 'thai tea, kentang goreng'),
(433, '2019-10-17', 'mie pedoo, teh manis'),
(434, '2019-10-17', 'milk tea'),
(435, '2019-10-17', 'steak, milk tea, burger, sop buah'),
(436, '2019-10-17', 'mie pedoo, mie kuah susu, pancake, milk tea, coklat'),
(437, '2019-10-17', 'burger, jus'),
(438, '2019-10-17', 'nasi goreng, teh manis, es krim'),
(439, '2019-10-17', 'tahu goreng,milk tea'),
(440, '2019-10-17', 'steak, teh manis, kentang goreng'),
(441, '2019-10-17', 'mie pedoo, teh manis, pancake'),
(442, '2019-10-17', 'mie pedoo, jus, pancake, roti bakar'),
(443, '2019-10-17', 'ayam bakar, teh manis, puding'),
(444, '2019-10-17', 'mie pedoo, milkshake, pancake, roti bakar'),
(445, '2019-10-18', 'mie pedoo, milkshake, puding'),
(446, '2019-10-18', 'nasi goreng, teh manis, roti bakar'),
(447, '2019-10-18', 'mie pedoo, teh manis'),
(448, '2019-10-18', 'nasi goreng, jus, pancake'),
(449, '2019-10-18', 'pancake, jus, milkshake'),
(450, '2019-10-18', 'milkshake, jus'),
(451, '2019-10-18', 'burger, jus'),
(452, '2019-10-18', 'steak, susu soda, puding'),
(453, '2019-10-18', 'mie tektek, mie pedoo, es jeruk, teh manis'),
(454, '2019-10-18', 'squash, tahu goreng'),
(455, '2019-10-18', 'chiken teriyaki, squash, sop buah'),
(456, '2019-10-18', 'ayam bakar, jus, pancake'),
(457, '2019-10-18', 'squash, tahu goreng'),
(458, '2019-10-18', 'burger,es jeruk , kentang goreng'),
(459, '2019-10-18', 'susu, murni, coklat, milk tea'),
(460, '2019-10-18', 'susu soda, susu murni'),
(461, '2019-10-18', 'kentang goreng, teh manis'),
(462, '2019-10-18', 'mie pedoo, mie kuah susu, lemon tea'),
(463, '2019-10-18', 'susu soda, susu murni'),
(464, '2019-10-18', 'nasi goreng, teh manis, es krim'),
(465, '2019-10-18', 'thai tea, tahu goreng'),
(466, '2019-10-18', 'chiken teriyaki, lemon tea, pancake'),
(467, '2019-10-18', 'steak, susu soda, puding'),
(468, '2019-10-18', 'mie pedoo, lemon tea'),
(469, '2019-10-19', 'mie kuah susu, lemon tea'),
(470, '2019-10-19', 'mie pedoo, teh manis,pancake'),
(471, '2019-10-19', 'green tea, squash, coklat, milkshake'),
(472, '2019-10-19', 'omelette, es jeruk, puding'),
(473, '2019-10-19', 'mie pedoo, coklat , air mineral, puding'),
(474, '2019-10-19', 'mie kuah susu, teh manis, coklat'),
(475, '2019-10-19', 'jus, thai tea'),
(476, '2019-10-19', 'teh manis, kentang goreng'),
(477, '2019-10-19', 'chicken katsu, lemon tea'),
(478, '2019-10-19', 'coklat, kentang goreng, puding'),
(479, '2019-10-19', 'steak, lemon tea, es krim'),
(480, '2019-10-19', 'nasi goreng, teh manis, es krim'),
(481, '2019-10-19', 'jus, thai tea'),
(482, '2019-10-19', 'coklat, roti bakar'),
(483, '2019-10-19', 'coklat, pisang bakar'),
(484, '2019-10-19', 'chiken katsu, teh manis'),
(485, '2019-10-19', 'ayam bakar, air mineral, pisang bakar'),
(486, '2019-10-19', 'mie pedoo, mie kuah susu, pancake, milk tea, susu soda'),
(487, '2019-10-19', 'mie pedoo, teh manis'),
(488, '2019-10-19', 'jus,kentang goreng'),
(489, '2019-10-19', 'burger, jus'),
(490, '2019-10-19', 'mie kuah susu, air mineral, pancake'),
(491, '2019-10-19', 'burger,es jeruk , kentang goreng'),
(492, '2019-10-19', 'steak, milk tea, burger, sop buah'),
(493, '2019-10-19', 'chiken katsu, squash'),
(494, '2019-10-19', 'roti bakar, coklat,puding'),
(495, '2019-10-19', 'mie pedoo,mie tektek,es jeruk, coklat'),
(496, '2019-10-19', 'chiken katsu, green tea'),
(497, '2019-10-19', 'chiken teriyaki, squash, sop buah'),
(498, '2019-10-19', 'burger,es jeruk , kentang goreng'),
(499, '2019-10-19', 'squash, susu murni'),
(500, '2019-10-19', 'mie pedoo, mie kuah susu, lemon tea'),
(501, '2019-10-19', 'roti bakar, milk tea'),
(502, '2019-10-19', 'chicken katsu, lemon tea'),
(503, '2019-10-19', 'nasi goreng, teh manis'),
(504, '2019-10-20', 'nasi goreng, teh manis, es krim'),
(505, '2019-10-20', 'nasi goreng, teh manis,sop buah'),
(506, '2019-10-20', 'thai tea, tahu goreng'),
(507, '2019-10-20', 'roti bakar, milk tea'),
(508, '2019-10-20', 'squash, tahu goreng'),
(509, '2019-10-20', 'tahu goreng, sop buah, teh manis'),
(510, '2019-10-20', 'dorayaki, es jeruk'),
(511, '2019-10-20', 'omelette, es jeruk, puding'),
(512, '2019-10-20', 'mie pedoo, teh manis'),
(513, '2019-10-20', 'mie pedoo, lemon tea'),
(514, '2019-10-20', 'burger, jus'),
(515, '2019-10-20', 'jus,kentang goreng'),
(516, '2019-10-20', 'chiken teriyaki, lemon tea, pancake'),
(517, '2019-10-20', 'tahu goreng, sop buah'),
(518, '2019-10-20', 'mie kuah susu, milkhake, pancake'),
(519, '2019-10-20', 'pisang bakar, sop buah, thai tea'),
(520, '2019-10-20', 'green tea, squash, coklat, milkshake'),
(521, '2019-10-20', 'es krim, puding, tahu goreng'),
(522, '2019-10-20', 'nasi goreng, teh manis,sop buah'),
(523, '2019-10-20', 'burger, jus'),
(524, '2019-10-20', 'burger, jus, dorayaki, pisang bakar'),
(525, '2019-10-20', 'ayam bakar, es jeruk, puding'),
(526, '2019-10-20', 'chiken katsu, squash'),
(527, '2019-10-20', 'chiken katsu, teh manis'),
(528, '2019-10-20', 'milk tea, coklat'),
(529, '2019-10-20', 'steak, susu soda, puding'),
(530, '2019-10-20', 'mie tektek, milk tea, pisang bakar'),
(531, '2019-10-20', 'omelette, teh manis, kentang goreng'),
(532, '2019-10-20', 'mie pedoo, lemon tea'),
(533, '2019-10-20', 'chiken teriyaki, lemon tea, pancake'),
(534, '2019-10-20', 'nasi goreng, milk tea'),
(535, '2019-10-20', 'susu soda , roti bakar'),
(536, '2019-10-20', 'pisang bakar, sop buah, thai tea'),
(537, '2019-10-21', 'steak, thai tea'),
(538, '2019-10-21', 'coklat, roti bakar'),
(539, '2019-10-21', 'nasi goreng, milk tea'),
(540, '2019-10-21', 'milk tea'),
(541, '2019-10-21', 'mie pedoo,mie tektek,es jeruk, coklat'),
(542, '2019-10-21', 'ayam bakar, es jeruk, puding'),
(543, '2019-10-21', 'steak, susu soda, puding'),
(544, '2019-10-21', 'chicken katsu, susu soda, es jeruk'),
(545, '2019-10-21', 'steak, milkshake, kentang goreng'),
(546, '2019-10-21', 'green tea, squash, coklat, milkshake'),
(547, '2019-10-21', 'teh manis, kentang goreng'),
(548, '2019-10-21', 'jus,kentang goreng'),
(549, '2019-10-21', 'omelette, air mineral, pancake'),
(550, '2019-10-21', 'mie kuah susu, air mineral, pancake'),
(551, '2019-10-21', 'chicken katsu, susu soda, es jeruk'),
(552, '2019-10-21', 'nasi goreng, teh manis, es krim'),
(553, '2019-10-21', 'teh manis, kentang goreng'),
(554, '2019-10-21', 'mie tektek, milk tea, dorayaki'),
(555, '2019-10-21', 'mie pedoo,mie tektek,es jeruk, coklat'),
(556, '2019-10-21', 'roti bakar, coklat,puding'),
(557, '2019-10-21', 'chiken katsu, squash'),
(558, '2019-10-21', 'kentang goreng, teh manis'),
(559, '2019-10-21', 'burger, lemon tea'),
(560, '2019-10-21', 'mie pedoo, nasi goreng, milkshake, jus, pancake'),
(561, '2019-10-21', 'mie pedoo, teh manis'),
(562, '2019-10-21', 'mie pedoo, teh manis, jus'),
(563, '2019-10-21', 'nasi goreng, jus, pancake'),
(564, '2019-10-21', 'mie pedoo, teh manis'),
(565, '2019-10-22', 'roti bakar, pancake, milkshake'),
(566, '2019-10-22', 'milkshake, jus'),
(567, '2019-10-22', 'nasi goreng, teh manis'),
(568, '2019-10-22', 'mie pedoo, nasi goreng, milkshake, jus, puding'),
(569, '2019-10-22', 'mie kuah susu, es jeruk, kentang goreng'),
(570, '2019-10-22', 'steak, milkshake, kentang goreng'),
(571, '2019-10-22', 'chiken katsu, green tea'),
(572, '2019-10-22', 'teh manis, kentang goreng'),
(573, '2019-10-22', 'ayam bakar, jus, pancake'),
(574, '2019-10-22', 'nasi goreng, teh manis,sop buah'),
(575, '2019-10-22', 'ayam bakar, milkshake,kentang goreng, tahu goreng'),
(576, '2019-10-22', 'burger, lemon tea'),
(577, '2019-10-22', 'nasi goreng, teh manis'),
(578, '2019-10-22', 'dorayaki,tahu goreng, es jeruk'),
(579, '2019-10-22', 'jus, thai tea'),
(580, '2019-10-22', 'mie pedoo, nasi goreng, lemon tea, susu soda'),
(581, '2019-10-22', 'mie tektek, susu murni, puding'),
(582, '2019-10-22', 'burger, steak, susu soda, coklat'),
(583, '2019-10-22', 'mie pedoo, nasi goreng, lemon tea, susu soda'),
(584, '2019-10-22', 'nasi goreng, jus, milkshake, squash, lemon tea'),
(585, '2019-10-22', 'burger, squash'),
(586, '2019-10-22', 'es jeruk, lemon tea'),
(587, '2019-10-22', 'burger, kentang goreng, milkshake'),
(588, '2019-10-22', 'omelete, teh manis, es krim'),
(589, '2019-10-22', 'chicken teriyaki, milkshake, es krim'),
(590, '2019-10-22', 'mie pedoo, teh manis, pancake'),
(591, '2019-10-22', 'roti bakar, dorayaki, green tea'),
(592, '2019-10-23', 'chiken teriyaki, squash, sop buah'),
(593, '2019-10-23', 'nasi goreng, air mineral, es krim'),
(594, '2019-10-23', 'mie pedoo, lemon tea'),
(595, '2019-10-23', 'kentang goreng, pisang bakar, squash'),
(596, '2019-10-23', 'nasi goreng, teh manis, es krim'),
(597, '2019-10-23', 'nasi goreng, teh manis'),
(598, '2019-10-23', 'nasi goreng, lemon tea'),
(599, '2019-10-23', 'mie pedoo, teh manis, jus'),
(600, '2019-10-23', 'mie pedoo, teh manis, milkshake, pancake'),
(601, '2019-10-23', 'pancake, jus, milkshake'),
(602, '2019-10-23', 'nasi goreng, ayam bakar, teh manis'),
(603, '2019-10-23', 'nasi goreng, teh manis'),
(604, '2019-10-23', 'mie pedoo, nasi goreng, milkshake, jus, puding'),
(605, '2019-10-23', 'ayam bakar, teh manis'),
(606, '2019-10-23', 'ayam bakar, teh manis, puding'),
(607, '2019-10-23', 'nasi goreng, teh manis, puding'),
(608, '2019-10-23', 'ayam bakar, milkshake, teh manis, pancake'),
(609, '2019-10-23', 'mie pedoo, teh manis, milkshake, roti bakar, pancake'),
(610, '2019-10-23', 'burger, squash'),
(611, '2019-10-23', 'coklat, sop dorayaki'),
(612, '2019-10-23', 'burger, jus'),
(613, '2019-10-23', 'mie kuah susu, air mineral, es krim'),
(614, '2019-10-23', 'mie pedoo, mie kuah susu, lemon tea'),
(615, '2019-10-23', 'mie tektek, milk tea, dorayaki'),
(616, '2019-10-23', 'burger, kentang goreng, milkshake'),
(617, '2019-10-23', 'chicken katsu, lemon tea'),
(618, '2019-10-23', 'steak, milk tea, burger, sop buah'),
(619, '2019-10-24', 'burger, milk tea, kentang goreng'),
(620, '2019-10-24', 'sop buah'),
(621, '2019-10-24', 'chicken katsu, susu murni'),
(622, '2019-10-24', 'susu murni, susu soda'),
(623, '2019-10-24', 'susu soda, susu murni'),
(624, '2019-10-24', 'burger, squash'),
(625, '2019-10-24', 'nasi goreng, teh manis'),
(626, '2019-10-24', 'steak, milkshake,kentang goreng'),
(627, '2019-10-24', 'coklat, roti bakar'),
(628, '2019-10-24', 'mie kuah susu, teh manis, coklat'),
(629, '2019-10-24', 'burger,es jeruk , kentang goreng'),
(630, '2019-10-24', 'roti bakar, dorayaki, green tea'),
(631, '2019-10-24', 'chicken katsu, susu murni'),
(632, '2019-10-24', 'mie pedoo, teh manis'),
(633, '2019-10-24', 'roti bakar, dorayaki, green tea'),
(634, '2019-10-24', 'nasi goreng, teh manis,sop buah'),
(635, '2019-10-24', 'steak, susu soda, puding'),
(636, '2019-10-24', 'nasi goreng, jus, milkshake, squash, lemon tea'),
(637, '2019-10-24', 'mie kuah susu, teh manis, coklat'),
(638, '2019-10-24', 'mie tektek, susu murni, puding'),
(639, '2019-10-24', 'chicken katsu, susu soda, es jeruk'),
(640, '2019-10-24', 'steak, jus, kentang goreng'),
(641, '2019-10-24', 'steak , lemon tea, kentang goreng'),
(642, '2019-10-24', 'mie kuah susu, teh manis, coklat'),
(643, '2019-10-24', 'teh manis, kentang goreng'),
(644, '2019-10-24', 'coklat, dorayaki'),
(645, '2019-10-24', 'roti bakar, milk tea'),
(646, '2019-10-24', 'chiken teriyaki, lemon tea, pancake'),
(647, '2019-10-24', 'susu soda , roti bakar'),
(648, '2019-10-25', 'mie pedoo,mie tektek,es jeruk, coklat'),
(649, '2019-10-25', 'ayam bakar, teh manis'),
(650, '2019-10-25', 'pancake, roti bakar, milk tea'),
(651, '2019-10-25', 'omelette, es jeruk, puding'),
(652, '2019-10-25', 'mie pedoo, lemon tea'),
(653, '2019-10-25', 'mie tektek, teh manis'),
(654, '2019-10-25', 'chiken katsu, teh manis'),
(655, '2019-10-25', 'steak , lemon tea, kentang goreng'),
(656, '2019-10-25', 'coklat, dorayaki'),
(657, '2019-10-25', 'roti bakar, milk tea'),
(658, '2019-10-25', 'chiken teriyaki, lemon tea, pancake'),
(659, '2019-10-25', 'ayam bakar, air mineral, es krim'),
(660, '2019-10-25', 'steak, thai tea'),
(661, '2019-10-25', 'chiken katsu, green tea'),
(662, '2019-10-25', 'ayam bakar,  teh manis,kentang goreng'),
(663, '2019-10-25', 'nasi goreng, teh manis, es krim'),
(664, '2019-10-25', 'mie tektek, susu murni, puding'),
(665, '2019-10-25', 'jus, thai tea, ayam bakar'),
(666, '2019-10-25', 'nasi goreng, milk tea'),
(667, '2019-10-25', 'chiken katsu, thai tea, puding'),
(668, '2019-10-25', 'chiken katsu, green tea'),
(669, '2019-10-25', 'ayam bakar, air mineral, tahu goreng, sop buah'),
(670, '2019-10-25', 'milk tea, ayam bakar'),
(671, '2019-10-25', 'steak, susu soda, puding'),
(672, '2019-10-25', 'steak, milk tea, burger, sop buah'),
(673, '2019-10-25', 'mie kuah susu, air mineral, pancake'),
(674, '2019-10-25', 'susu soda , roti bakar'),
(675, '2019-10-25', 'chiken katsu, teh manis'),
(676, '2019-10-25', 'nasi goreng, teh manis'),
(677, '2019-10-26', 'mie pedoo, lemon tea'),
(678, '2019-10-26', 'steak , lemon tea'),
(679, '2019-10-26', 'roti bakar, dorayaki, green tea'),
(680, '2019-10-26', 'steak, susu soda, puding'),
(681, '2019-10-26', 'omelete, teh manis, es krim'),
(682, '2019-10-26', 'nasi goreng, lemon tea'),
(683, '2019-10-26', 'ayam bakar, thai tea'),
(684, '2019-10-26', 'chicken teriyaki, sop buah, dorayaki'),
(685, '2019-10-26', 'milk tea, dorayaki'),
(686, '2019-10-26', 'mie tektek, teh manis'),
(687, '2019-10-26', 'mie pedoo, teh manis, pancake'),
(688, '2019-10-26', 'ayam bakar, milkshake, tahu goreng'),
(689, '2019-10-26', 'nasi goreng, teh manis,sop buah'),
(690, '2019-10-26', 'sop buah, kentang goreng'),
(691, '2019-10-26', 'ayam bakar, teh manis'),
(692, '2019-10-26', 'pancake, roti bakar, milk tea'),
(693, '2019-10-26', 'squash, tahu goreng'),
(694, '2019-10-26', 'green tea, squash, coklat, milkshake'),
(695, '2019-10-26', 'mie tektek, milk tea, pisang bakar'),
(696, '2019-10-26', 'omelette, teh manis, kentang goreng'),
(697, '2019-10-26', 'steak, thai tea,tahu goreng'),
(698, '2019-10-26', 'dorayaki,tahu goreng, es jeruk'),
(699, '2019-10-26', 'burger, steak, susu soda, coklat'),
(700, '2019-10-26', 'steak, thai tea'),
(701, '2019-10-26', 'omelette, teh manis, kentang goreng'),
(702, '2019-10-26', 'steak, susu soda, puding'),
(703, '2019-10-26', 'chiken katsu, teh manis'),
(704, '2019-10-26', 'sop buah, kentang goreng, teh manis'),
(705, '2019-10-26', 'coklat, pisang bakar'),
(706, '2019-10-26', 'coklat'),
(707, '2019-10-26', 'coklat, kentang goreng, puding'),
(708, '2019-10-26', 'mie kuah susu, air mineral, pancake'),
(709, '2019-10-26', 'susu soda , roti bakar'),
(710, '2019-10-26', 'nasi goreng, teh manis, es krim'),
(711, '2019-10-26', 'nasi goreng, milk tea'),
(712, '2019-10-26', 'chiken katsu, green tea'),
(713, '2019-10-27', 'ayam bakar, air mineral, tahu goreng, sop buah'),
(714, '2019-10-27', 'steak, susu soda, puding'),
(715, '2019-10-27', 'nasi goreng, teh manis'),
(716, '2019-10-27', 'steak, lemon tea, es krim'),
(717, '2019-10-27', 'pisang bakar, sop buah, thai tea'),
(718, '2019-10-27', 'ayam bakar, air mineral, pisang bakar'),
(719, '2019-10-27', 'mie pedoo, mie kuah susu, pancake, milk tea, coklat'),
(720, '2019-10-27', 'mie pedoo, teh manis, milkshake, pancake'),
(721, '2019-10-27', 'mie pedoo, nasi goreng, lemon tea, susu soda'),
(722, '2019-10-27', 'mie kuah susu, burger, roti bakar, teh manis, jus, squash'),
(723, '2019-10-27', 'mie pedoo, nasi goreng, milkshake, jus'),
(724, '2019-10-27', 'steak, air mineral, es krim'),
(725, '2019-10-27', 'mie pedoo, ayam bakar, teh manis, jus, puding, roti bakar'),
(726, '2019-10-27', 'nasi goreng, teh manis, roti bakar'),
(727, '2019-10-27', 'ayam bakar, teh manis, pancake'),
(728, '2019-10-27', 'mie kuah susu, burger, roti bakar, teh manis, jus, squash'),
(729, '2019-10-27', 'nasi goreng, milkshake'),
(730, '2019-10-27', 'mie pedoo, ayam bakar, teh manis, jus, puding, roti bakar'),
(731, '2019-10-27', 'ayam bakar, lemon tea, jus'),
(732, '2019-10-27', 'mie pedoo, teh manis, jus'),
(733, '2019-10-27', 'ayam bakar, milkshake, teh manis, pancake'),
(734, '2019-10-27', 'mie pedoo, teh manis, pancake'),
(735, '2019-10-27', 'ayam bakar, teh manis, tahu goreng'),
(736, '2019-10-27', 'kentang goreng, pancake, susu murni'),
(737, '2019-10-27', 'milkshake, roti bakar, puding'),
(738, '2019-10-27', 'mie pedoo, teh manis, pancake, roti bakar'),
(739, '2019-10-27', 'mie pedoo, teh manis, milkshake, roti bakar, pancake'),
(740, '2019-10-27', 'burger, omelette, teh manis, jus'),
(741, '2019-10-27', 'chicken teriyaki, steak, lemon tea, es krim'),
(742, '2019-10-27', 'ayam bakar, tahu goreng, teh manis'),
(743, '2019-10-27', 'susu soda, lemon tea, kentang goreng, roti bakar'),
(744, '2019-10-27', 'dorayaki, sop buah, coklat'),
(745, '2019-10-27', 'ayam bakar, jus, es jeruk'),
(746, '2019-10-27', 'mie kuah susu, green tea, kentang goreng'),
(747, '2019-10-27', 'nasi goreng, air mineral, es krim'),
(748, '2019-10-27', 'mie pedoo, omelette, teh manis, jus'),
(749, '2019-10-28', 'mie kuah susu, ayam bakar, lemon tea'),
(750, '2019-10-28', 'steak, burger, green tea, coklat'),
(751, '2019-10-28', 'burger, susu murni, kentang goreng'),
(752, '2019-10-28', 'mie pedoo, green tea'),
(753, '2019-10-28', 'lemon tea, squash'),
(754, '2019-10-28', 'chicken katsu, susu soda, es jeruk'),
(755, '2019-10-28', 'sop buah, tahu goreng'),
(756, '2019-10-28', 'mie tektek, mie pedoo, es jeruk, teh manis'),
(757, '2019-10-28', 'mie pedoo, mie kuah susu, pancake, milk tea, coklat'),
(758, '2019-10-28', 'mie kuah susu, burger, roti bakar, teh manis, jus, squash'),
(759, '2019-10-28', 'mie pedoo, nasi goreng, milkshake, jus'),
(760, '2019-10-28', 'mie pedoo, ayam bakar, teh manis, jus, puding, roti bakar'),
(761, '2019-10-28', 'nasi goreng, pancake, puding'),
(762, '2019-10-28', 'nasi goreng, jus, pancake'),
(763, '2019-10-28', 'ayam bakar, nasi goreng, milkshake, teh manis, puding'),
(764, '2019-10-28', 'mie pedoo, nasi goreng, ayam bakar, teh manis, milkshake, jus'),
(765, '2019-10-28', 'ayam bakar, milkshake, teh manis, pancake'),
(766, '2019-10-28', 'mie pedoo, teh manis, pancake'),
(767, '2019-10-28', 'omelette, es jeruk, puding'),
(768, '2019-10-28', 'steak, milk tea, burger, sop buah'),
(769, '2019-10-28', 'omelette, teh manis, kentang goreng'),
(770, '2019-10-28', 'mie tektek, mie pedoo, es jeruk, teh manis'),
(771, '2019-10-28', 'mie pedoo, mie kuah susu, lemon tea'),
(772, '2019-10-28', 'mie pedoo, teh manis'),
(773, '2019-10-28', 'nasi goreng, teh manis'),
(774, '2019-10-29', 'nasi goreng, teh manis, es krim'),
(775, '2019-10-29', 'mie tektek, teh manis'),
(776, '2019-10-29', 'burger, kentang goreng, milkshake'),
(777, '2019-10-29', 'burger, jus'),
(778, '2019-10-29', 'burger,es jeruk , kentang goreng'),
(779, '2019-10-29', 'mie pedoo,mie tektek,es jeruk, coklat'),
(780, '2019-10-29', 'squash, susu murni'),
(781, '2019-10-29', 'roti bakar, milk tea'),
(782, '2019-10-29', 'thai tea, tahu goreng'),
(783, '2019-10-29', 'burger, jus'),
(784, '2019-10-29', 'mie pedoo, mie kuah susu, lemon tea'),
(785, '2019-10-29', 'burger, kentang goreng, milkshake'),
(786, '2019-10-29', 'susu murni, susu soda'),
(787, '2019-10-29', 'susu soda, susu murni'),
(788, '2019-10-29', 'nasi goreng, teh manis'),
(789, '2019-10-29', 'steak, milkshake,kentang goreng'),
(790, '2019-10-29', 'mie kuah susu, teh manis, coklat'),
(791, '2019-10-29', 'chicken katsu, susu murni'),
(792, '2019-10-29', 'nasi goreng, teh manis,sop buah'),
(793, '2019-10-29', 'nasi goreng, teh manis, roti bakar'),
(794, '2019-10-29', 'pisang bakar, sop buah, thai tea'),
(795, '2019-10-29', 'mie pedoo, teh manis, puding'),
(796, '2019-10-29', 'mie pedoo, mie kuah susu, pancake, milk tea, coklat'),
(797, '2019-10-29', 'mie pedoo, jus, pancake, roti bakar'),
(798, '2019-10-29', 'ayam bakar, teh manis, pancake'),
(799, '2019-10-29', 'mie pedoo, teh manis, milkshake, pancake'),
(800, '2019-10-29', 'mie pedoo, tahu goreng, teh manis'),
(801, '2019-10-29', 'mie pedoo, nasi goreng, lemon tea, susu soda'),
(802, '2019-10-29', 'burger, lemon tea'),
(803, '2019-10-29', 'mie pedoo, omelette, teh manis, jus'),
(804, '2019-10-29', 'mie pedoo, ayam bakar, teh manis, pancake'),
(805, '2019-10-29', 'mie pedoo, mie tektek, mie kuah susu, sop buah'),
(806, '2019-10-30', 'omelette, susu murni, pancake'),
(807, '2019-10-30', 'ayam bakar, teh manis, puding'),
(808, '2019-10-30', 'mie pedoo, nasi goreng, ayam bakar, teh manis, milkshake, jus'),
(809, '2019-10-30', 'sop buah'),
(810, '2019-10-30', 'nasi goreng, teh manis, puding'),
(811, '2019-10-30', 'burger, coklat, tahu goreng'),
(812, '2019-10-30', 'ayam bakar, milkshake, teh manis, pancake'),
(813, '2019-10-30', 'nasi goreng, es krim, dorayaki, teh manis'),
(814, '2019-10-30', 'mie pedoo, ayam bakar, teh manis, jus, puding, roti bakar'),
(815, '2019-10-30', 'mie pedoo, nasi goreng, milkshake, jus, pancake'),
(816, '2019-10-30', 'ayam bakar, nasi goreng, teh manis, jus'),
(817, '2019-10-30', 'mie pedoo, teh manis, milkshake, pancake'),
(818, '2019-10-30', 'ayam bakar, nasi goreng, milkshake, teh manis, puding'),
(819, '2019-10-30', 'mie pedoo, ayam bakar, teh manis, pancake'),
(820, '2019-10-30', 'jus, pancake'),
(821, '2019-10-30', 'ayam bakar, teh manis'),
(822, '2019-10-30', 'ayam bakar, teh manis, puding'),
(823, '2019-10-30', 'milkshake, pancake'),
(824, '2019-10-30', 'nasi goreng, lemon tea, tahu goreng'),
(825, '2019-10-30', 'steak, es jeruk'),
(826, '2019-10-30', 'mie pedoo, teh manis'),
(827, '2019-10-30', 'mie pedoo, jus, pancake'),
(828, '2019-10-30', 'es jeruk, lemon tea, kentang goreng'),
(829, '2019-10-30', 'omelette, burger, air mineral'),
(830, '2019-10-30', 'es krim, sop buah'),
(831, '2019-10-30', 'puding, es krim, pancake'),
(832, '2019-10-30', 'burger, susu murni, kentang goreng'),
(833, '2019-10-31', 'mie tektek, jus, roti bakar'),
(834, '2019-10-31', 'pisang bakar, sop buah, thai tea'),
(835, '2019-10-31', 'mie pedoo, nasi goreng, lemon tea, susu soda'),
(836, '2019-10-31', 'steak, air mineral, es krim'),
(837, '2019-10-31', 'burger, omelette, teh manis, jus'),
(838, '2019-10-31', 'susu soda, lemon tea, kentang goreng, roti bakar'),
(839, '2019-10-31', 'omelette, teh manis, kentang goreng'),
(840, '2019-10-31', 'roti bakar, milk tea'),
(841, '2019-10-31', 'burger, jus'),
(842, '2019-10-31', 'burger, lemon tea'),
(843, '2019-10-31', 'mie pedoo, ayam bakar, teh manis, pancake'),
(844, '2019-10-31', 'ayam bakar, teh manis, puding'),
(845, '2019-10-31', 'mie pedoo, teh manis, milkshake, roti bakar, pancake'),
(846, '2019-10-31', 'mie pedoo, mie kuah susu, lemon tea'),
(847, '2019-10-31', 'steak, milkshake,kentang goreng'),
(848, '2019-10-31', 'burger,es jeruk , kentang goreng'),
(849, '2019-10-31', 'chiken teriyaki, lemon tea, pancake'),
(850, '2019-10-31', 'omelette, es jeruk, puding'),
(851, '2019-10-31', 'chiken katsu, teh manis'),
(852, '2019-10-31', 'roti bakar, milk tea'),
(853, '2019-10-31', 'mie tektek, susu murni, puding'),
(854, '2019-10-31', 'omelette, tahu goreng, es jeruk'),
(855, '2019-10-31', 'mie tektek, mie pedoo, es jeruk, teh manis'),
(856, '2019-10-31', 'mie pedoo, mie kuah susu, pancake, milk tea, coklat'),
(857, '2019-10-31', 'ayam bakar, teh manis, pancake'),
(858, '2019-10-31', 'mie pedoo, nasi goreng, lemon tea, susu soda'),
(859, '2019-10-31', 'burger, lemon tea'),
(860, '2019-10-31', 'mie pedoo, ayam bakar, teh manis, jus, puding, roti bakar'),
(861, '2019-10-31', 'ayam bakar, nasi goreng, teh manis, jus'),
(862, '2019-10-31', 'nasi goreng, roti bakar, jus'),
(863, '2019-10-31', 'sop buah');

-- --------------------------------------------------------

--
-- Table structure for table `tb_user`
--

CREATE TABLE `tb_user` (
  `id` int(11) NOT NULL,
  `nama` varchar(100) NOT NULL,
  `email` varchar(100) NOT NULL,
  `username` varchar(30) NOT NULL,
  `password` varchar(30) NOT NULL,
  `role_id` int(11) NOT NULL
) ENGINE=InnoDB DEFAULT CHARSET=latin1;

--
-- Dumping data for table `tb_user`
--

INSERT INTO `tb_user` (`id`, `nama`, `email`, `username`, `password`, `role_id`) VALUES
(1, 'Rimi', 'rimi@gmail.com', 'manager', 'manager', 1),
(2, 'Samudra', 'samudra@gmail.com', 'owner', 'owner', 2);

--
-- Indexes for dumped tables
--

--
-- Indexes for table `tb_alternatif`
--
ALTER TABLE `tb_alternatif`
  ADD PRIMARY KEY (`id_alternatif`);

--
-- Indexes for table `tb_kriteria`
--
ALTER TABLE `tb_kriteria`
  ADD PRIMARY KEY (`id_kriteria`);

--
-- Indexes for table `tb_nilai_alternatif`
--
ALTER TABLE `tb_nilai_alternatif`
  ADD PRIMARY KEY (`id_nilai`),
  ADD KEY `id_alternatif` (`id_alternatif`),
  ADD KEY `id_kriteria` (`id_kriteria`);

--
-- Indexes for table `tb_process_log`
--
ALTER TABLE `tb_process_log`
  ADD PRIMARY KEY (`id`);

--
-- Indexes for table `tb_transaksi`
--
ALTER TABLE `tb_transaksi`
  ADD PRIMARY KEY (`id`);

--
-- Indexes for table `tb_user`
--
ALTER TABLE `tb_user`
  ADD PRIMARY KEY (`id`);

--
-- AUTO_INCREMENT for dumped tables
--

--
-- AUTO_INCREMENT for table `tb_alternatif`
--
ALTER TABLE `tb_alternatif`
  MODIFY `id_alternatif` int(11) NOT NULL AUTO_INCREMENT, AUTO_INCREMENT=25;

--
-- AUTO_INCREMENT for table `tb_kriteria`
--
ALTER TABLE `tb_kriteria`
  MODIFY `id_kriteria` int(11) NOT NULL AUTO_INCREMENT, AUTO_INCREMENT=11;

--
-- AUTO_INCREMENT for table `tb_nilai_alternatif`
--
ALTER TABLE `tb_nilai_alternatif`
  MODIFY `id_nilai` int(11) NOT NULL AUTO_INCREMENT, AUTO_INCREMENT=63;

--
-- AUTO_INCREMENT for table `tb_process_log`
--
ALTER TABLE `tb_process_log`
  MODIFY `id` int(11) NOT NULL AUTO_INCREMENT, AUTO_INCREMENT=2;

--
-- AUTO_INCREMENT for table `tb_transaksi`
--
ALTER TABLE `tb_transaksi`
  MODIFY `id` int(11) NOT NULL AUTO_INCREMENT, AUTO_INCREMENT=864;

--
-- AUTO_INCREMENT for table `tb_user`
--
ALTER TABLE `tb_user`
  MODIFY `id` int(11) NOT NULL AUTO_INCREMENT, AUTO_INCREMENT=3;

--
-- Constraints for dumped tables
--

--
-- Constraints for table `tb_nilai_alternatif`
--
ALTER TABLE `tb_nilai_alternatif`
  ADD CONSTRAINT `tb_nilai_alternatif_ibfk_1` FOREIGN KEY (`id_alternatif`) REFERENCES `tb_alternatif` (`id_alternatif`),
  ADD CONSTRAINT `tb_nilai_alternatif_ibfk_2` FOREIGN KEY (`id_kriteria`) REFERENCES `tb_kriteria` (`id_kriteria`);
COMMIT;

/*!40101 SET CHARACTER_SET_CLIENT=@OLD_CHARACTER_SET_CLIENT */;
/*!40101 SET CHARACTER_SET_RESULTS=@OLD_CHARACTER_SET_RESULTS */;
/*!40101 SET COLLATION_CONNECTION=@OLD_COLLATION_CONNECTION */;
